ISO-10303-21;
HEADER;
FILE_DESCRIPTION(('Open CASCADE Model'),'2;1');
FILE_NAME('Open CASCADE Shape Model','2026-05-22T15:34:54',('Author'),(
    'Open CASCADE'),'Open CASCADE STEP processor 7.8','Open CASCADE 7.8'
  ,'Unknown');
FILE_SCHEMA(('AUTOMOTIVE_DESIGN { 1 0 10303 214 1 1 1 1 }'));
ENDSEC;
DATA;
#1 = APPLICATION_PROTOCOL_DEFINITION('international standard',
  'automotive_design',2000,#2);
#2 = APPLICATION_CONTEXT(
  'core data for automotive mechanical design processes');
#3 = SHAPE_DEFINITION_REPRESENTATION(#4,#10);
#4 = PRODUCT_DEFINITION_SHAPE('','',#5);
#5 = PRODUCT_DEFINITION('design','',#6,#9);
#6 = PRODUCT_DEFINITION_FORMATION('','',#7);
#7 = PRODUCT('Open CASCADE STEP translator 7.8 1',
  'Open CASCADE STEP translator 7.8 1','',(#8));
#8 = PRODUCT_CONTEXT('',#2,'mechanical');
#9 = PRODUCT_DEFINITION_CONTEXT('part definition',#2,'design');
#10 = ADVANCED_BREP_SHAPE_REPRESENTATION('',(#11,#15),#2048);
#11 = AXIS2_PLACEMENT_3D('',#12,#13,#14);
#12 = CARTESIAN_POINT('',(0.,0.,0.));
#13 = DIRECTION('',(0.,0.,1.));
#14 = DIRECTION('',(1.,0.,-0.));
#15 = MANIFOLD_SOLID_BREP('',#16);
#16 = CLOSED_SHELL('',(#17,#105,#158,#212,#444,#676,#756,#815,#869,#923,
    #981,#1035,#1094,#1126,#1277,#1337,#1456,#1574,#1634,#1753,#1813,
    #1840,#1885,#1910,#1937,#1964,#1989,#2016,#2041));
#17 = ADVANCED_FACE('',(#18),#32,.T.);
#18 = FACE_BOUND('',#19,.T.);
#19 = EDGE_LOOP('',(#20,#50,#77,#78));
#20 = ORIENTED_EDGE('',*,*,#21,.F.);
#21 = EDGE_CURVE('',#22,#24,#26,.T.);
#22 = VERTEX_POINT('',#23);
#23 = CARTESIAN_POINT('',(25.,0.,1.));
#24 = VERTEX_POINT('',#25);
#25 = CARTESIAN_POINT('',(25.,0.,19.));
#26 = SEAM_CURVE('',#27,(#31,#43),.PCURVE_S1.);
#27 = LINE('',#28,#29);
#28 = CARTESIAN_POINT('',(25.,0.,0.));
#29 = VECTOR('',#30,1.);
#30 = DIRECTION('',(0.,0.,1.));
#31 = PCURVE('',#32,#37);
#32 = CYLINDRICAL_SURFACE('',#33,25.);
#33 = AXIS2_PLACEMENT_3D('',#34,#35,#36);
#34 = CARTESIAN_POINT('',(0.,0.,0.));
#35 = DIRECTION('',(0.,0.,1.));
#36 = DIRECTION('',(1.,0.,-0.));
#37 = DEFINITIONAL_REPRESENTATION('',(#38),#42);
#38 = LINE('',#39,#40);
#39 = CARTESIAN_POINT('',(0.,0.));
#40 = VECTOR('',#41,1.);
#41 = DIRECTION('',(0.,1.));
#42 = ( GEOMETRIC_REPRESENTATION_CONTEXT(2) 
PARAMETRIC_REPRESENTATION_CONTEXT() REPRESENTATION_CONTEXT('2D SPACE',''
  ) );
#43 = PCURVE('',#32,#44);
#44 = DEFINITIONAL_REPRESENTATION('',(#45),#49);
#45 = LINE('',#46,#47);
#46 = CARTESIAN_POINT('',(6.28318530718,0.));
#47 = VECTOR('',#48,1.);
#48 = DIRECTION('',(0.,1.));
#49 = ( GEOMETRIC_REPRESENTATION_CONTEXT(2) 
PARAMETRIC_REPRESENTATION_CONTEXT() REPRESENTATION_CONTEXT('2D SPACE',''
  ) );
#50 = ORIENTED_EDGE('',*,*,#51,.T.);
#51 = EDGE_CURVE('',#22,#22,#52,.T.);
#52 = SURFACE_CURVE('',#53,(#58,#65),.PCURVE_S1.);
#53 = CIRCLE('',#54,25.);
#54 = AXIS2_PLACEMENT_3D('',#55,#56,#57);
#55 = CARTESIAN_POINT('',(0.,0.,1.));
#56 = DIRECTION('',(0.,-0.,1.));
#57 = DIRECTION('',(1.,0.,0.));
#58 = PCURVE('',#32,#59);
#59 = DEFINITIONAL_REPRESENTATION('',(#60),#64);
#60 = LINE('',#61,#62);
#61 = CARTESIAN_POINT('',(0.,1.));
#62 = VECTOR('',#63,1.);
#63 = DIRECTION('',(1.,0.));
#64 = ( GEOMETRIC_REPRESENTATION_CONTEXT(2) 
PARAMETRIC_REPRESENTATION_CONTEXT() REPRESENTATION_CONTEXT('2D SPACE',''
  ) );
#65 = PCURVE('',#66,#71);
#66 = TOROIDAL_SURFACE('',#67,24.,1.);
#67 = AXIS2_PLACEMENT_3D('',#68,#69,#70);
#68 = CARTESIAN_POINT('',(0.,0.,1.));
#69 = DIRECTION('',(0.,-0.,1.));
#70 = DIRECTION('',(1.,0.,0.));
#71 = DEFINITIONAL_REPRESENTATION('',(#72),#76);
#72 = LINE('',#73,#74);
#73 = CARTESIAN_POINT('',(0.,6.28318530718));
#74 = VECTOR('',#75,1.);
#75 = DIRECTION('',(1.,0.));
#76 = ( GEOMETRIC_REPRESENTATION_CONTEXT(2) 
PARAMETRIC_REPRESENTATION_CONTEXT() REPRESENTATION_CONTEXT('2D SPACE',''
  ) );
#77 = ORIENTED_EDGE('',*,*,#21,.T.);
#78 = ORIENTED_EDGE('',*,*,#79,.F.);
#79 = EDGE_CURVE('',#24,#24,#80,.T.);
#80 = SURFACE_CURVE('',#81,(#86,#93),.PCURVE_S1.);
#81 = CIRCLE('',#82,25.);
#82 = AXIS2_PLACEMENT_3D('',#83,#84,#85);
#83 = CARTESIAN_POINT('',(0.,0.,19.));
#84 = DIRECTION('',(0.,0.,1.));
#85 = DIRECTION('',(1.,0.,-0.));
#86 = PCURVE('',#32,#87);
#87 = DEFINITIONAL_REPRESENTATION('',(#88),#92);
#88 = LINE('',#89,#90);
#89 = CARTESIAN_POINT('',(0.,19.));
#90 = VECTOR('',#91,1.);
#91 = DIRECTION('',(1.,0.));
#92 = ( GEOMETRIC_REPRESENTATION_CONTEXT(2) 
PARAMETRIC_REPRESENTATION_CONTEXT() REPRESENTATION_CONTEXT('2D SPACE',''
  ) );
#93 = PCURVE('',#94,#99);
#94 = CONICAL_SURFACE('',#95,25.,0.785398163397);
#95 = AXIS2_PLACEMENT_3D('',#96,#97,#98);
#96 = CARTESIAN_POINT('',(0.,0.,19.));
#97 = DIRECTION('',(-0.,-0.,-1.));
#98 = DIRECTION('',(1.,0.,0.));
#99 = DEFINITIONAL_REPRESENTATION('',(#100),#104);
#100 = LINE('',#101,#102);
#101 = CARTESIAN_POINT('',(-0.,-0.));
#102 = VECTOR('',#103,1.);
#103 = DIRECTION('',(-1.,-0.));
#104 = ( GEOMETRIC_REPRESENTATION_CONTEXT(2) 
PARAMETRIC_REPRESENTATION_CONTEXT() REPRESENTATION_CONTEXT('2D SPACE',''
  ) );
#105 = ADVANCED_FACE('',(#106),#94,.T.);
#106 = FACE_BOUND('',#107,.T.);
#107 = EDGE_LOOP('',(#108,#129,#130,#131));
#108 = ORIENTED_EDGE('',*,*,#109,.F.);
#109 = EDGE_CURVE('',#24,#110,#112,.T.);
#110 = VERTEX_POINT('',#111);
#111 = CARTESIAN_POINT('',(24.,0.,20.));
#112 = SEAM_CURVE('',#113,(#117,#123),.PCURVE_S1.);
#113 = LINE('',#114,#115);
#114 = CARTESIAN_POINT('',(25.,0.,19.));
#115 = VECTOR('',#116,1.);
#116 = DIRECTION('',(-0.707106781187,0.,0.707106781187));
#117 = PCURVE('',#94,#118);
#118 = DEFINITIONAL_REPRESENTATION('',(#119),#122);
#119 = B_SPLINE_CURVE_WITH_KNOTS('',1,(#120,#121),.UNSPECIFIED.,.F.,.F.,
  (2,2),(0.,1.414213562373),.PIECEWISE_BEZIER_KNOTS.);
#120 = CARTESIAN_POINT('',(0.,0.));
#121 = CARTESIAN_POINT('',(0.,-1.));
#122 = ( GEOMETRIC_REPRESENTATION_CONTEXT(2) 
PARAMETRIC_REPRESENTATION_CONTEXT() REPRESENTATION_CONTEXT('2D SPACE',''
  ) );
#123 = PCURVE('',#94,#124);
#124 = DEFINITIONAL_REPRESENTATION('',(#125),#128);
#125 = B_SPLINE_CURVE_WITH_KNOTS('',1,(#126,#127),.UNSPECIFIED.,.F.,.F.,
  (2,2),(0.,1.414213562373),.PIECEWISE_BEZIER_KNOTS.);
#126 = CARTESIAN_POINT('',(-6.28318530718,0.));
#127 = CARTESIAN_POINT('',(-6.28318530718,-1.));
#128 = ( GEOMETRIC_REPRESENTATION_CONTEXT(2) 
PARAMETRIC_REPRESENTATION_CONTEXT() REPRESENTATION_CONTEXT('2D SPACE',''
  ) );
#129 = ORIENTED_EDGE('',*,*,#79,.T.);
#130 = ORIENTED_EDGE('',*,*,#109,.T.);
#131 = ORIENTED_EDGE('',*,*,#132,.F.);
#132 = EDGE_CURVE('',#110,#110,#133,.T.);
#133 = SURFACE_CURVE('',#134,(#139,#146),.PCURVE_S1.);
#134 = CIRCLE('',#135,24.);
#135 = AXIS2_PLACEMENT_3D('',#136,#137,#138);
#136 = CARTESIAN_POINT('',(0.,0.,20.));
#137 = DIRECTION('',(0.,0.,1.));
#138 = DIRECTION('',(1.,0.,-0.));
#139 = PCURVE('',#94,#140);
#140 = DEFINITIONAL_REPRESENTATION('',(#141),#145);
#141 = LINE('',#142,#143);
#142 = CARTESIAN_POINT('',(-0.,-1.));
#143 = VECTOR('',#144,1.);
#144 = DIRECTION('',(-1.,-0.));
#145 = ( GEOMETRIC_REPRESENTATION_CONTEXT(2) 
PARAMETRIC_REPRESENTATION_CONTEXT() REPRESENTATION_CONTEXT('2D SPACE',''
  ) );
#146 = PCURVE('',#147,#152);
#147 = PLANE('',#148);
#148 = AXIS2_PLACEMENT_3D('',#149,#150,#151);
#149 = CARTESIAN_POINT('',(0.,0.,20.));
#150 = DIRECTION('',(0.,0.,1.));
#151 = DIRECTION('',(1.,0.,-0.));
#152 = DEFINITIONAL_REPRESENTATION('',(#153),#157);
#153 = CIRCLE('',#154,24.);
#154 = AXIS2_PLACEMENT_2D('',#155,#156);
#155 = CARTESIAN_POINT('',(0.,0.));
#156 = DIRECTION('',(1.,0.));
#157 = ( GEOMETRIC_REPRESENTATION_CONTEXT(2) 
PARAMETRIC_REPRESENTATION_CONTEXT() REPRESENTATION_CONTEXT('2D SPACE',''
  ) );
#158 = ADVANCED_FACE('',(#159),#66,.T.);
#159 = FACE_BOUND('',#160,.T.);
#160 = EDGE_LOOP('',(#161,#183,#210,#211));
#161 = ORIENTED_EDGE('',*,*,#162,.F.);
#162 = EDGE_CURVE('',#163,#22,#165,.T.);
#163 = VERTEX_POINT('',#164);
#164 = CARTESIAN_POINT('',(24.,0.,0.));
#165 = SEAM_CURVE('',#166,(#171,#177),.PCURVE_S1.);
#166 = CIRCLE('',#167,1.);
#167 = AXIS2_PLACEMENT_3D('',#168,#169,#170);
#168 = CARTESIAN_POINT('',(24.,0.,1.));
#169 = DIRECTION('',(0.,-1.,-0.));
#170 = DIRECTION('',(1.,0.,0.));
#171 = PCURVE('',#66,#172);
#172 = DEFINITIONAL_REPRESENTATION('',(#173),#176);
#173 = B_SPLINE_CURVE_WITH_KNOTS('',1,(#174,#175),.UNSPECIFIED.,.F.,.F.,
  (2,2),(4.712388980385,6.28318530718),.PIECEWISE_BEZIER_KNOTS.);
#174 = CARTESIAN_POINT('',(0.,4.712388980385));
#175 = CARTESIAN_POINT('',(0.,6.28318530718));
#176 = ( GEOMETRIC_REPRESENTATION_CONTEXT(2) 
PARAMETRIC_REPRESENTATION_CONTEXT() REPRESENTATION_CONTEXT('2D SPACE',''
  ) );
#177 = PCURVE('',#66,#178);
#178 = DEFINITIONAL_REPRESENTATION('',(#179),#182);
#179 = B_SPLINE_CURVE_WITH_KNOTS('',1,(#180,#181),.UNSPECIFIED.,.F.,.F.,
  (2,2),(4.712388980385,6.28318530718),.PIECEWISE_BEZIER_KNOTS.);
#180 = CARTESIAN_POINT('',(6.28318530718,4.712388980385));
#181 = CARTESIAN_POINT('',(6.28318530718,6.28318530718));
#182 = ( GEOMETRIC_REPRESENTATION_CONTEXT(2) 
PARAMETRIC_REPRESENTATION_CONTEXT() REPRESENTATION_CONTEXT('2D SPACE',''
  ) );
#183 = ORIENTED_EDGE('',*,*,#184,.T.);
#184 = EDGE_CURVE('',#163,#163,#185,.T.);
#185 = SURFACE_CURVE('',#186,(#191,#198),.PCURVE_S1.);
#186 = CIRCLE('',#187,24.);
#187 = AXIS2_PLACEMENT_3D('',#188,#189,#190);
#188 = CARTESIAN_POINT('',(0.,0.,0.));
#189 = DIRECTION('',(0.,-0.,1.));
#190 = DIRECTION('',(1.,0.,0.));
#191 = PCURVE('',#66,#192);
#192 = DEFINITIONAL_REPRESENTATION('',(#193),#197);
#193 = LINE('',#194,#195);
#194 = CARTESIAN_POINT('',(0.,4.712388980385));
#195 = VECTOR('',#196,1.);
#196 = DIRECTION('',(1.,0.));
#197 = ( GEOMETRIC_REPRESENTATION_CONTEXT(2) 
PARAMETRIC_REPRESENTATION_CONTEXT() REPRESENTATION_CONTEXT('2D SPACE',''
  ) );
#198 = PCURVE('',#199,#204);
#199 = PLANE('',#200);
#200 = AXIS2_PLACEMENT_3D('',#201,#202,#203);
#201 = CARTESIAN_POINT('',(0.,0.,0.));
#202 = DIRECTION('',(0.,0.,1.));
#203 = DIRECTION('',(1.,0.,-0.));
#204 = DEFINITIONAL_REPRESENTATION('',(#205),#209);
#205 = CIRCLE('',#206,24.);
#206 = AXIS2_PLACEMENT_2D('',#207,#208);
#207 = CARTESIAN_POINT('',(0.,0.));
#208 = DIRECTION('',(1.,-0.));
#209 = ( GEOMETRIC_REPRESENTATION_CONTEXT(2) 
PARAMETRIC_REPRESENTATION_CONTEXT() REPRESENTATION_CONTEXT('2D SPACE',''
  ) );
#210 = ORIENTED_EDGE('',*,*,#162,.T.);
#211 = ORIENTED_EDGE('',*,*,#51,.F.);
#212 = ADVANCED_FACE('',(#213,#216),#147,.T.);
#213 = FACE_BOUND('',#214,.T.);
#214 = EDGE_LOOP('',(#215));
#215 = ORIENTED_EDGE('',*,*,#132,.T.);
#216 = FACE_BOUND('',#217,.T.);
#217 = EDGE_LOOP('',(#218,#248,#276,#304,#333,#361,#389,#417));
#218 = ORIENTED_EDGE('',*,*,#219,.T.);
#219 = EDGE_CURVE('',#220,#222,#224,.T.);
#220 = VERTEX_POINT('',#221);
#221 = CARTESIAN_POINT('',(15.198684153571,5.,20.));
#222 = VERTEX_POINT('',#223);
#223 = CARTESIAN_POINT('',(21.,5.,20.));
#224 = SURFACE_CURVE('',#225,(#229,#236),.PCURVE_S1.);
#225 = LINE('',#226,#227);
#226 = CARTESIAN_POINT('',(14.456832294801,5.,20.));
#227 = VECTOR('',#228,1.);
#228 = DIRECTION('',(1.,0.,-0.));
#229 = PCURVE('',#147,#230);
#230 = DEFINITIONAL_REPRESENTATION('',(#231),#235);
#231 = LINE('',#232,#233);
#232 = CARTESIAN_POINT('',(14.456832294801,5.));
#233 = VECTOR('',#234,1.);
#234 = DIRECTION('',(1.,0.));
#235 = ( GEOMETRIC_REPRESENTATION_CONTEXT(2) 
PARAMETRIC_REPRESENTATION_CONTEXT() REPRESENTATION_CONTEXT('2D SPACE',''
  ) );
#236 = PCURVE('',#237,#242);
#237 = PLANE('',#238);
#238 = AXIS2_PLACEMENT_3D('',#239,#240,#241);
#239 = CARTESIAN_POINT('',(14.456832294801,4.5,19.5));
#240 = DIRECTION('',(0.,-0.707106781187,0.707106781187));
#241 = DIRECTION('',(1.,0.,0.));
#242 = DEFINITIONAL_REPRESENTATION('',(#243),#247);
#243 = LINE('',#244,#245);
#244 = CARTESIAN_POINT('',(0.,0.707106781187));
#245 = VECTOR('',#246,1.);
#246 = DIRECTION('',(1.,0.));
#247 = ( GEOMETRIC_REPRESENTATION_CONTEXT(2) 
PARAMETRIC_REPRESENTATION_CONTEXT() REPRESENTATION_CONTEXT('2D SPACE',''
  ) );
#248 = ORIENTED_EDGE('',*,*,#249,.T.);
#249 = EDGE_CURVE('',#222,#250,#252,.T.);
#250 = VERTEX_POINT('',#251);
#251 = CARTESIAN_POINT('',(21.,-5.,20.));
#252 = SURFACE_CURVE('',#253,(#257,#264),.PCURVE_S1.);
#253 = LINE('',#254,#255);
#254 = CARTESIAN_POINT('',(21.,4.,20.));
#255 = VECTOR('',#256,1.);
#256 = DIRECTION('',(0.,-1.,0.));
#257 = PCURVE('',#147,#258);
#258 = DEFINITIONAL_REPRESENTATION('',(#259),#263);
#259 = LINE('',#260,#261);
#260 = CARTESIAN_POINT('',(21.,4.));
#261 = VECTOR('',#262,1.);
#262 = DIRECTION('',(0.,-1.));
#263 = ( GEOMETRIC_REPRESENTATION_CONTEXT(2) 
PARAMETRIC_REPRESENTATION_CONTEXT() REPRESENTATION_CONTEXT('2D SPACE',''
  ) );
#264 = PCURVE('',#265,#270);
#265 = PLANE('',#266);
#266 = AXIS2_PLACEMENT_3D('',#267,#268,#269);
#267 = CARTESIAN_POINT('',(20.5,4.,19.5));
#268 = DIRECTION('',(-0.707106781187,0.,0.707106781187));
#269 = DIRECTION('',(0.,-1.,0.));
#270 = DEFINITIONAL_REPRESENTATION('',(#271),#275);
#271 = LINE('',#272,#273);
#272 = CARTESIAN_POINT('',(0.,0.707106781187));
#273 = VECTOR('',#274,1.);
#274 = DIRECTION('',(1.,0.));
#275 = ( GEOMETRIC_REPRESENTATION_CONTEXT(2) 
PARAMETRIC_REPRESENTATION_CONTEXT() REPRESENTATION_CONTEXT('2D SPACE',''
  ) );
#276 = ORIENTED_EDGE('',*,*,#277,.T.);
#277 = EDGE_CURVE('',#250,#278,#280,.T.);
#278 = VERTEX_POINT('',#279);
#279 = CARTESIAN_POINT('',(15.198684153571,-5.,20.));
#280 = SURFACE_CURVE('',#281,(#285,#292),.PCURVE_S1.);
#281 = LINE('',#282,#283);
#282 = CARTESIAN_POINT('',(20.,-5.,20.));
#283 = VECTOR('',#284,1.);
#284 = DIRECTION('',(-1.,0.,0.));
#285 = PCURVE('',#147,#286);
#286 = DEFINITIONAL_REPRESENTATION('',(#287),#291);
#287 = LINE('',#288,#289);
#288 = CARTESIAN_POINT('',(20.,-5.));
#289 = VECTOR('',#290,1.);
#290 = DIRECTION('',(-1.,0.));
#291 = ( GEOMETRIC_REPRESENTATION_CONTEXT(2) 
PARAMETRIC_REPRESENTATION_CONTEXT() REPRESENTATION_CONTEXT('2D SPACE',''
  ) );
#292 = PCURVE('',#293,#298);
#293 = PLANE('',#294);
#294 = AXIS2_PLACEMENT_3D('',#295,#296,#297);
#295 = CARTESIAN_POINT('',(20.,-4.5,19.5));
#296 = DIRECTION('',(0.,0.707106781187,0.707106781187));
#297 = DIRECTION('',(-1.,0.,0.));
#298 = DEFINITIONAL_REPRESENTATION('',(#299),#303);
#299 = LINE('',#300,#301);
#300 = CARTESIAN_POINT('',(0.,0.707106781187));
#301 = VECTOR('',#302,1.);
#302 = DIRECTION('',(1.,0.));
#303 = ( GEOMETRIC_REPRESENTATION_CONTEXT(2) 
PARAMETRIC_REPRESENTATION_CONTEXT() REPRESENTATION_CONTEXT('2D SPACE',''
  ) );
#304 = ORIENTED_EDGE('',*,*,#305,.F.);
#305 = EDGE_CURVE('',#306,#278,#308,.T.);
#306 = VERTEX_POINT('',#307);
#307 = CARTESIAN_POINT('',(-15.19868415357,-5.,20.));
#308 = SURFACE_CURVE('',#309,(#314,#321),.PCURVE_S1.);
#309 = CIRCLE('',#310,16.);
#310 = AXIS2_PLACEMENT_3D('',#311,#312,#313);
#311 = CARTESIAN_POINT('',(0.,0.,20.));
#312 = DIRECTION('',(0.,0.,1.));
#313 = DIRECTION('',(-0.963788819653,-0.266666666667,0.));
#314 = PCURVE('',#147,#315);
#315 = DEFINITIONAL_REPRESENTATION('',(#316),#320);
#316 = CIRCLE('',#317,16.);
#317 = AXIS2_PLACEMENT_2D('',#318,#319);
#318 = CARTESIAN_POINT('',(0.,0.));
#319 = DIRECTION('',(-0.963788819653,-0.266666666667));
#320 = ( GEOMETRIC_REPRESENTATION_CONTEXT(2) 
PARAMETRIC_REPRESENTATION_CONTEXT() REPRESENTATION_CONTEXT('2D SPACE',''
  ) );
#321 = PCURVE('',#322,#327);
#322 = CONICAL_SURFACE('',#323,15.,0.785398163397);
#323 = AXIS2_PLACEMENT_3D('',#324,#325,#326);
#324 = CARTESIAN_POINT('',(0.,0.,19.));
#325 = DIRECTION('',(0.,0.,1.));
#326 = DIRECTION('',(-0.963788819653,-0.266666666667,0.));
#327 = DEFINITIONAL_REPRESENTATION('',(#328),#332);
#328 = LINE('',#329,#330);
#329 = CARTESIAN_POINT('',(0.,1.));
#330 = VECTOR('',#331,1.);
#331 = DIRECTION('',(1.,0.));
#332 = ( GEOMETRIC_REPRESENTATION_CONTEXT(2) 
PARAMETRIC_REPRESENTATION_CONTEXT() REPRESENTATION_CONTEXT('2D SPACE',''
  ) );
#333 = ORIENTED_EDGE('',*,*,#334,.T.);
#334 = EDGE_CURVE('',#306,#335,#337,.T.);
#335 = VERTEX_POINT('',#336);
#336 = CARTESIAN_POINT('',(-21.,-5.,20.));
#337 = SURFACE_CURVE('',#338,(#342,#349),.PCURVE_S1.);
#338 = LINE('',#339,#340);
#339 = CARTESIAN_POINT('',(-14.4568322948,-5.,20.));
#340 = VECTOR('',#341,1.);
#341 = DIRECTION('',(-1.,0.,0.));
#342 = PCURVE('',#147,#343);
#343 = DEFINITIONAL_REPRESENTATION('',(#344),#348);
#344 = LINE('',#345,#346);
#345 = CARTESIAN_POINT('',(-14.4568322948,-5.));
#346 = VECTOR('',#347,1.);
#347 = DIRECTION('',(-1.,0.));
#348 = ( GEOMETRIC_REPRESENTATION_CONTEXT(2) 
PARAMETRIC_REPRESENTATION_CONTEXT() REPRESENTATION_CONTEXT('2D SPACE',''
  ) );
#349 = PCURVE('',#350,#355);
#350 = PLANE('',#351);
#351 = AXIS2_PLACEMENT_3D('',#352,#353,#354);
#352 = CARTESIAN_POINT('',(-14.4568322948,-4.5,19.5));
#353 = DIRECTION('',(0.,0.707106781187,0.707106781187));
#354 = DIRECTION('',(-1.,0.,0.));
#355 = DEFINITIONAL_REPRESENTATION('',(#356),#360);
#356 = LINE('',#357,#358);
#357 = CARTESIAN_POINT('',(0.,0.707106781187));
#358 = VECTOR('',#359,1.);
#359 = DIRECTION('',(1.,0.));
#360 = ( GEOMETRIC_REPRESENTATION_CONTEXT(2) 
PARAMETRIC_REPRESENTATION_CONTEXT() REPRESENTATION_CONTEXT('2D SPACE',''
  ) );
#361 = ORIENTED_EDGE('',*,*,#362,.T.);
#362 = EDGE_CURVE('',#335,#363,#365,.T.);
#363 = VERTEX_POINT('',#364);
#364 = CARTESIAN_POINT('',(-21.,5.,20.));
#365 = SURFACE_CURVE('',#366,(#370,#377),.PCURVE_S1.);
#366 = LINE('',#367,#368);
#367 = CARTESIAN_POINT('',(-21.,-4.,20.));
#368 = VECTOR('',#369,1.);
#369 = DIRECTION('',(-0.,1.,0.));
#370 = PCURVE('',#147,#371);
#371 = DEFINITIONAL_REPRESENTATION('',(#372),#376);
#372 = LINE('',#373,#374);
#373 = CARTESIAN_POINT('',(-21.,-4.));
#374 = VECTOR('',#375,1.);
#375 = DIRECTION('',(0.,1.));
#376 = ( GEOMETRIC_REPRESENTATION_CONTEXT(2) 
PARAMETRIC_REPRESENTATION_CONTEXT() REPRESENTATION_CONTEXT('2D SPACE',''
  ) );
#377 = PCURVE('',#378,#383);
#378 = PLANE('',#379);
#379 = AXIS2_PLACEMENT_3D('',#380,#381,#382);
#380 = CARTESIAN_POINT('',(-20.5,-4.,19.5));
#381 = DIRECTION('',(0.707106781187,0.,0.707106781187));
#382 = DIRECTION('',(-0.,1.,0.));
#383 = DEFINITIONAL_REPRESENTATION('',(#384),#388);
#384 = LINE('',#385,#386);
#385 = CARTESIAN_POINT('',(0.,0.707106781187));
#386 = VECTOR('',#387,1.);
#387 = DIRECTION('',(1.,0.));
#388 = ( GEOMETRIC_REPRESENTATION_CONTEXT(2) 
PARAMETRIC_REPRESENTATION_CONTEXT() REPRESENTATION_CONTEXT('2D SPACE',''
  ) );
#389 = ORIENTED_EDGE('',*,*,#390,.T.);
#390 = EDGE_CURVE('',#363,#391,#393,.T.);
#391 = VERTEX_POINT('',#392);
#392 = CARTESIAN_POINT('',(-15.19868415357,5.,20.));
#393 = SURFACE_CURVE('',#394,(#398,#405),.PCURVE_S1.);
#394 = LINE('',#395,#396);
#395 = CARTESIAN_POINT('',(-20.,5.,20.));
#396 = VECTOR('',#397,1.);
#397 = DIRECTION('',(1.,0.,-0.));
#398 = PCURVE('',#147,#399);
#399 = DEFINITIONAL_REPRESENTATION('',(#400),#404);
#400 = LINE('',#401,#402);
#401 = CARTESIAN_POINT('',(-20.,5.));
#402 = VECTOR('',#403,1.);
#403 = DIRECTION('',(1.,0.));
#404 = ( GEOMETRIC_REPRESENTATION_CONTEXT(2) 
PARAMETRIC_REPRESENTATION_CONTEXT() REPRESENTATION_CONTEXT('2D SPACE',''
  ) );
#405 = PCURVE('',#406,#411);
#406 = PLANE('',#407);
#407 = AXIS2_PLACEMENT_3D('',#408,#409,#410);
#408 = CARTESIAN_POINT('',(-20.,4.5,19.5));
#409 = DIRECTION('',(0.,-0.707106781187,0.707106781187));
#410 = DIRECTION('',(1.,0.,0.));
#411 = DEFINITIONAL_REPRESENTATION('',(#412),#416);
#412 = LINE('',#413,#414);
#413 = CARTESIAN_POINT('',(0.,0.707106781187));
#414 = VECTOR('',#415,1.);
#415 = DIRECTION('',(1.,0.));
#416 = ( GEOMETRIC_REPRESENTATION_CONTEXT(2) 
PARAMETRIC_REPRESENTATION_CONTEXT() REPRESENTATION_CONTEXT('2D SPACE',''
  ) );
#417 = ORIENTED_EDGE('',*,*,#418,.F.);
#418 = EDGE_CURVE('',#220,#391,#419,.T.);
#419 = SURFACE_CURVE('',#420,(#425,#432),.PCURVE_S1.);
#420 = CIRCLE('',#421,16.);
#421 = AXIS2_PLACEMENT_3D('',#422,#423,#424);
#422 = CARTESIAN_POINT('',(0.,0.,20.));
#423 = DIRECTION('',(0.,0.,1.));
#424 = DIRECTION('',(0.963788819653,0.266666666667,-0.));
#425 = PCURVE('',#147,#426);
#426 = DEFINITIONAL_REPRESENTATION('',(#427),#431);
#427 = CIRCLE('',#428,16.);
#428 = AXIS2_PLACEMENT_2D('',#429,#430);
#429 = CARTESIAN_POINT('',(0.,0.));
#430 = DIRECTION('',(0.963788819653,0.266666666667));
#431 = ( GEOMETRIC_REPRESENTATION_CONTEXT(2) 
PARAMETRIC_REPRESENTATION_CONTEXT() REPRESENTATION_CONTEXT('2D SPACE',''
  ) );
#432 = PCURVE('',#433,#438);
#433 = CONICAL_SURFACE('',#434,15.,0.785398163397);
#434 = AXIS2_PLACEMENT_3D('',#435,#436,#437);
#435 = CARTESIAN_POINT('',(0.,0.,19.));
#436 = DIRECTION('',(0.,0.,1.));
#437 = DIRECTION('',(0.963788819653,0.266666666667,-0.));
#438 = DEFINITIONAL_REPRESENTATION('',(#439),#443);
#439 = LINE('',#440,#441);
#440 = CARTESIAN_POINT('',(0.,1.));
#441 = VECTOR('',#442,1.);
#442 = DIRECTION('',(1.,0.));
#443 = ( GEOMETRIC_REPRESENTATION_CONTEXT(2) 
PARAMETRIC_REPRESENTATION_CONTEXT() REPRESENTATION_CONTEXT('2D SPACE',''
  ) );
#444 = ADVANCED_FACE('',(#445,#448),#199,.F.);
#445 = FACE_BOUND('',#446,.T.);
#446 = EDGE_LOOP('',(#447));
#447 = ORIENTED_EDGE('',*,*,#184,.F.);
#448 = FACE_BOUND('',#449,.T.);
#449 = EDGE_LOOP('',(#450,#480,#509,#537,#565,#593,#622,#650));
#450 = ORIENTED_EDGE('',*,*,#451,.T.);
#451 = EDGE_CURVE('',#452,#454,#456,.T.);
#452 = VERTEX_POINT('',#453);
#453 = CARTESIAN_POINT('',(21.,5.,-2.22044604925E-16));
#454 = VERTEX_POINT('',#455);
#455 = CARTESIAN_POINT('',(15.198684153571,5.,-2.22044604925E-16));
#456 = SURFACE_CURVE('',#457,(#461,#468),.PCURVE_S1.);
#457 = LINE('',#458,#459);
#458 = CARTESIAN_POINT('',(20.,5.,-2.22044604925E-16));
#459 = VECTOR('',#460,1.);
#460 = DIRECTION('',(-1.,0.,0.));
#461 = PCURVE('',#199,#462);
#462 = DEFINITIONAL_REPRESENTATION('',(#463),#467);
#463 = LINE('',#464,#465);
#464 = CARTESIAN_POINT('',(20.,5.));
#465 = VECTOR('',#466,1.);
#466 = DIRECTION('',(-1.,0.));
#467 = ( GEOMETRIC_REPRESENTATION_CONTEXT(2) 
PARAMETRIC_REPRESENTATION_CONTEXT() REPRESENTATION_CONTEXT('2D SPACE',''
  ) );
#468 = PCURVE('',#469,#474);
#469 = CYLINDRICAL_SURFACE('',#470,1.);
#470 = AXIS2_PLACEMENT_3D('',#471,#472,#473);
#471 = CARTESIAN_POINT('',(20.,5.,1.));
#472 = DIRECTION('',(-1.,0.,0.));
#473 = DIRECTION('',(0.,0.,-1.));
#474 = DEFINITIONAL_REPRESENTATION('',(#475),#479);
#475 = LINE('',#476,#477);
#476 = CARTESIAN_POINT('',(0.,0.));
#477 = VECTOR('',#478,1.);
#478 = DIRECTION('',(0.,1.));
#479 = ( GEOMETRIC_REPRESENTATION_CONTEXT(2) 
PARAMETRIC_REPRESENTATION_CONTEXT() REPRESENTATION_CONTEXT('2D SPACE',''
  ) );
#480 = ORIENTED_EDGE('',*,*,#481,.T.);
#481 = EDGE_CURVE('',#454,#482,#484,.T.);
#482 = VERTEX_POINT('',#483);
#483 = CARTESIAN_POINT('',(-15.19868415357,5.,-2.22044604925E-16));
#484 = SURFACE_CURVE('',#485,(#490,#497),.PCURVE_S1.);
#485 = CIRCLE('',#486,16.);
#486 = AXIS2_PLACEMENT_3D('',#487,#488,#489);
#487 = CARTESIAN_POINT('',(0.,0.,0.));
#488 = DIRECTION('',(0.,-0.,1.));
#489 = DIRECTION('',(0.963788819653,0.266666666667,0.));
#490 = PCURVE('',#199,#491);
#491 = DEFINITIONAL_REPRESENTATION('',(#492),#496);
#492 = CIRCLE('',#493,16.);
#493 = AXIS2_PLACEMENT_2D('',#494,#495);
#494 = CARTESIAN_POINT('',(0.,0.));
#495 = DIRECTION('',(0.963788819653,0.266666666667));
#496 = ( GEOMETRIC_REPRESENTATION_CONTEXT(2) 
PARAMETRIC_REPRESENTATION_CONTEXT() REPRESENTATION_CONTEXT('2D SPACE',''
  ) );
#497 = PCURVE('',#498,#503);
#498 = TOROIDAL_SURFACE('',#499,16.,1.);
#499 = AXIS2_PLACEMENT_3D('',#500,#501,#502);
#500 = CARTESIAN_POINT('',(0.,0.,1.));
#501 = DIRECTION('',(-0.,0.,-1.));
#502 = DIRECTION('',(0.963788819653,0.266666666667,0.));
#503 = DEFINITIONAL_REPRESENTATION('',(#504),#508);
#504 = LINE('',#505,#506);
#505 = CARTESIAN_POINT('',(-0.,1.570796326795));
#506 = VECTOR('',#507,1.);
#507 = DIRECTION('',(-1.,0.));
#508 = ( GEOMETRIC_REPRESENTATION_CONTEXT(2) 
PARAMETRIC_REPRESENTATION_CONTEXT() REPRESENTATION_CONTEXT('2D SPACE',''
  ) );
#509 = ORIENTED_EDGE('',*,*,#510,.T.);
#510 = EDGE_CURVE('',#482,#511,#513,.T.);
#511 = VERTEX_POINT('',#512);
#512 = CARTESIAN_POINT('',(-21.,5.,-2.22044604925E-16));
#513 = SURFACE_CURVE('',#514,(#518,#525),.PCURVE_S1.);
#514 = LINE('',#515,#516);
#515 = CARTESIAN_POINT('',(-14.4568322948,5.,-2.22044604925E-16));
#516 = VECTOR('',#517,1.);
#517 = DIRECTION('',(-1.,0.,0.));
#518 = PCURVE('',#199,#519);
#519 = DEFINITIONAL_REPRESENTATION('',(#520),#524);
#520 = LINE('',#521,#522);
#521 = CARTESIAN_POINT('',(-14.4568322948,5.));
#522 = VECTOR('',#523,1.);
#523 = DIRECTION('',(-1.,0.));
#524 = ( GEOMETRIC_REPRESENTATION_CONTEXT(2) 
PARAMETRIC_REPRESENTATION_CONTEXT() REPRESENTATION_CONTEXT('2D SPACE',''
  ) );
#525 = PCURVE('',#526,#531);
#526 = CYLINDRICAL_SURFACE('',#527,1.);
#527 = AXIS2_PLACEMENT_3D('',#528,#529,#530);
#528 = CARTESIAN_POINT('',(-14.4568322948,5.,1.));
#529 = DIRECTION('',(-1.,0.,0.));
#530 = DIRECTION('',(0.,0.,-1.));
#531 = DEFINITIONAL_REPRESENTATION('',(#532),#536);
#532 = LINE('',#533,#534);
#533 = CARTESIAN_POINT('',(0.,0.));
#534 = VECTOR('',#535,1.);
#535 = DIRECTION('',(0.,1.));
#536 = ( GEOMETRIC_REPRESENTATION_CONTEXT(2) 
PARAMETRIC_REPRESENTATION_CONTEXT() REPRESENTATION_CONTEXT('2D SPACE',''
  ) );
#537 = ORIENTED_EDGE('',*,*,#538,.T.);
#538 = EDGE_CURVE('',#511,#539,#541,.T.);
#539 = VERTEX_POINT('',#540);
#540 = CARTESIAN_POINT('',(-21.,-5.,-2.22044604925E-16));
#541 = SURFACE_CURVE('',#542,(#546,#553),.PCURVE_S1.);
#542 = LINE('',#543,#544);
#543 = CARTESIAN_POINT('',(-21.,4.,-2.22044604925E-16));
#544 = VECTOR('',#545,1.);
#545 = DIRECTION('',(0.,-1.,0.));
#546 = PCURVE('',#199,#547);
#547 = DEFINITIONAL_REPRESENTATION('',(#548),#552);
#548 = LINE('',#549,#550);
#549 = CARTESIAN_POINT('',(-21.,4.));
#550 = VECTOR('',#551,1.);
#551 = DIRECTION('',(-0.,-1.));
#552 = ( GEOMETRIC_REPRESENTATION_CONTEXT(2) 
PARAMETRIC_REPRESENTATION_CONTEXT() REPRESENTATION_CONTEXT('2D SPACE',''
  ) );
#553 = PCURVE('',#554,#559);
#554 = CYLINDRICAL_SURFACE('',#555,1.);
#555 = AXIS2_PLACEMENT_3D('',#556,#557,#558);
#556 = CARTESIAN_POINT('',(-21.,4.,1.));
#557 = DIRECTION('',(0.,-1.,0.));
#558 = DIRECTION('',(-0.,-0.,-1.));
#559 = DEFINITIONAL_REPRESENTATION('',(#560),#564);
#560 = LINE('',#561,#562);
#561 = CARTESIAN_POINT('',(0.,0.));
#562 = VECTOR('',#563,1.);
#563 = DIRECTION('',(0.,1.));
#564 = ( GEOMETRIC_REPRESENTATION_CONTEXT(2) 
PARAMETRIC_REPRESENTATION_CONTEXT() REPRESENTATION_CONTEXT('2D SPACE',''
  ) );
#565 = ORIENTED_EDGE('',*,*,#566,.T.);
#566 = EDGE_CURVE('',#539,#567,#569,.T.);
#567 = VERTEX_POINT('',#568);
#568 = CARTESIAN_POINT('',(-15.19868415357,-5.,0.));
#569 = SURFACE_CURVE('',#570,(#574,#581),.PCURVE_S1.);
#570 = LINE('',#571,#572);
#571 = CARTESIAN_POINT('',(-20.,-5.,-2.22044604925E-16));
#572 = VECTOR('',#573,1.);
#573 = DIRECTION('',(1.,0.,0.));
#574 = PCURVE('',#199,#575);
#575 = DEFINITIONAL_REPRESENTATION('',(#576),#580);
#576 = LINE('',#577,#578);
#577 = CARTESIAN_POINT('',(-20.,-5.));
#578 = VECTOR('',#579,1.);
#579 = DIRECTION('',(1.,-0.));
#580 = ( GEOMETRIC_REPRESENTATION_CONTEXT(2) 
PARAMETRIC_REPRESENTATION_CONTEXT() REPRESENTATION_CONTEXT('2D SPACE',''
  ) );
#581 = PCURVE('',#582,#587);
#582 = CYLINDRICAL_SURFACE('',#583,1.);
#583 = AXIS2_PLACEMENT_3D('',#584,#585,#586);
#584 = CARTESIAN_POINT('',(-20.,-5.,1.));
#585 = DIRECTION('',(1.,0.,0.));
#586 = DIRECTION('',(0.,0.,-1.));
#587 = DEFINITIONAL_REPRESENTATION('',(#588),#592);
#588 = LINE('',#589,#590);
#589 = CARTESIAN_POINT('',(0.,0.));
#590 = VECTOR('',#591,1.);
#591 = DIRECTION('',(0.,1.));
#592 = ( GEOMETRIC_REPRESENTATION_CONTEXT(2) 
PARAMETRIC_REPRESENTATION_CONTEXT() REPRESENTATION_CONTEXT('2D SPACE',''
  ) );
#593 = ORIENTED_EDGE('',*,*,#594,.T.);
#594 = EDGE_CURVE('',#567,#595,#597,.T.);
#595 = VERTEX_POINT('',#596);
#596 = CARTESIAN_POINT('',(15.198684153571,-5.,-2.22044604925E-16));
#597 = SURFACE_CURVE('',#598,(#603,#610),.PCURVE_S1.);
#598 = CIRCLE('',#599,16.);
#599 = AXIS2_PLACEMENT_3D('',#600,#601,#602);
#600 = CARTESIAN_POINT('',(0.,0.,0.));
#601 = DIRECTION('',(0.,0.,1.));
#602 = DIRECTION('',(-0.963788819653,-0.266666666667,0.));
#603 = PCURVE('',#199,#604);
#604 = DEFINITIONAL_REPRESENTATION('',(#605),#609);
#605 = CIRCLE('',#606,16.);
#606 = AXIS2_PLACEMENT_2D('',#607,#608);
#607 = CARTESIAN_POINT('',(0.,0.));
#608 = DIRECTION('',(-0.963788819653,-0.266666666667));
#609 = ( GEOMETRIC_REPRESENTATION_CONTEXT(2) 
PARAMETRIC_REPRESENTATION_CONTEXT() REPRESENTATION_CONTEXT('2D SPACE',''
  ) );
#610 = PCURVE('',#611,#616);
#611 = TOROIDAL_SURFACE('',#612,16.,1.);
#612 = AXIS2_PLACEMENT_3D('',#613,#614,#615);
#613 = CARTESIAN_POINT('',(0.,0.,1.));
#614 = DIRECTION('',(-0.,0.,-1.));
#615 = DIRECTION('',(-0.963788819653,-0.266666666667,0.));
#616 = DEFINITIONAL_REPRESENTATION('',(#617),#621);
#617 = LINE('',#618,#619);
#618 = CARTESIAN_POINT('',(-0.,1.570796326795));
#619 = VECTOR('',#620,1.);
#620 = DIRECTION('',(-1.,0.));
#621 = ( GEOMETRIC_REPRESENTATION_CONTEXT(2) 
PARAMETRIC_REPRESENTATION_CONTEXT() REPRESENTATION_CONTEXT('2D SPACE',''
  ) );
#622 = ORIENTED_EDGE('',*,*,#623,.T.);
#623 = EDGE_CURVE('',#595,#624,#626,.T.);
#624 = VERTEX_POINT('',#625);
#625 = CARTESIAN_POINT('',(21.,-5.,-2.22044604925E-16));
#626 = SURFACE_CURVE('',#627,(#631,#638),.PCURVE_S1.);
#627 = LINE('',#628,#629);
#628 = CARTESIAN_POINT('',(14.456832294801,-5.,-2.22044604925E-16));
#629 = VECTOR('',#630,1.);
#630 = DIRECTION('',(1.,0.,0.));
#631 = PCURVE('',#199,#632);
#632 = DEFINITIONAL_REPRESENTATION('',(#633),#637);
#633 = LINE('',#634,#635);
#634 = CARTESIAN_POINT('',(14.456832294801,-5.));
#635 = VECTOR('',#636,1.);
#636 = DIRECTION('',(1.,-0.));
#637 = ( GEOMETRIC_REPRESENTATION_CONTEXT(2) 
PARAMETRIC_REPRESENTATION_CONTEXT() REPRESENTATION_CONTEXT('2D SPACE',''
  ) );
#638 = PCURVE('',#639,#644);
#639 = CYLINDRICAL_SURFACE('',#640,1.);
#640 = AXIS2_PLACEMENT_3D('',#641,#642,#643);
#641 = CARTESIAN_POINT('',(14.456832294801,-5.,1.));
#642 = DIRECTION('',(1.,0.,0.));
#643 = DIRECTION('',(0.,0.,-1.));
#644 = DEFINITIONAL_REPRESENTATION('',(#645),#649);
#645 = LINE('',#646,#647);
#646 = CARTESIAN_POINT('',(0.,0.));
#647 = VECTOR('',#648,1.);
#648 = DIRECTION('',(0.,1.));
#649 = ( GEOMETRIC_REPRESENTATION_CONTEXT(2) 
PARAMETRIC_REPRESENTATION_CONTEXT() REPRESENTATION_CONTEXT('2D SPACE',''
  ) );
#650 = ORIENTED_EDGE('',*,*,#651,.T.);
#651 = EDGE_CURVE('',#624,#452,#652,.T.);
#652 = SURFACE_CURVE('',#653,(#657,#664),.PCURVE_S1.);
#653 = LINE('',#654,#655);
#654 = CARTESIAN_POINT('',(21.,-4.,-2.22044604925E-16));
#655 = VECTOR('',#656,1.);
#656 = DIRECTION('',(0.,1.,-0.));
#657 = PCURVE('',#199,#658);
#658 = DEFINITIONAL_REPRESENTATION('',(#659),#663);
#659 = LINE('',#660,#661);
#660 = CARTESIAN_POINT('',(21.,-4.));
#661 = VECTOR('',#662,1.);
#662 = DIRECTION('',(0.,1.));
#663 = ( GEOMETRIC_REPRESENTATION_CONTEXT(2) 
PARAMETRIC_REPRESENTATION_CONTEXT() REPRESENTATION_CONTEXT('2D SPACE',''
  ) );
#664 = PCURVE('',#665,#670);
#665 = CYLINDRICAL_SURFACE('',#666,1.);
#666 = AXIS2_PLACEMENT_3D('',#667,#668,#669);
#667 = CARTESIAN_POINT('',(21.,-4.,1.));
#668 = DIRECTION('',(0.,1.,-0.));
#669 = DIRECTION('',(-0.,0.,-1.));
#670 = DEFINITIONAL_REPRESENTATION('',(#671),#675);
#671 = LINE('',#672,#673);
#672 = CARTESIAN_POINT('',(0.,0.));
#673 = VECTOR('',#674,1.);
#674 = DIRECTION('',(0.,1.));
#675 = ( GEOMETRIC_REPRESENTATION_CONTEXT(2) 
PARAMETRIC_REPRESENTATION_CONTEXT() REPRESENTATION_CONTEXT('2D SPACE',''
  ) );
#676 = ADVANCED_FACE('',(#677),#237,.T.);
#677 = FACE_BOUND('',#678,.T.);
#678 = EDGE_LOOP('',(#679,#706,#734,#755));
#679 = ORIENTED_EDGE('',*,*,#680,.F.);
#680 = EDGE_CURVE('',#681,#220,#683,.T.);
#681 = VERTEX_POINT('',#682);
#682 = CARTESIAN_POINT('',(14.456832294801,4.,19.));
#683 = SURFACE_CURVE('',#684,(#689,#696),.PCURVE_S1.);
#684 = PARABOLA('',#685,3.889087296526);
#685 = AXIS2_PLACEMENT_3D('',#686,#687,#688);
#686 = CARTESIAN_POINT('',(0.,-5.5,9.5));
#687 = DIRECTION('',(-0.,0.707106781187,-0.707106781187));
#688 = DIRECTION('',(0.,0.707106781187,0.707106781187));
#689 = PCURVE('',#237,#690);
#690 = DEFINITIONAL_REPRESENTATION('',(#691),#695);
#691 = B_SPLINE_CURVE_WITH_KNOTS('',2,(#692,#693,#694),.UNSPECIFIED.,.F.
  ,.F.,(3,3),(14.456832294801,15.198684153571),
  .PIECEWISE_BEZIER_KNOTS.);
#692 = CARTESIAN_POINT('',(-3.552713678801E-15,-0.707106781187));
#693 = CARTESIAN_POINT('',(0.370925929385,-1.768873190542E-02));
#694 = CARTESIAN_POINT('',(0.74185185877,0.707106781187));
#695 = ( GEOMETRIC_REPRESENTATION_CONTEXT(2) 
PARAMETRIC_REPRESENTATION_CONTEXT() REPRESENTATION_CONTEXT('2D SPACE',''
  ) );
#696 = PCURVE('',#433,#697);
#697 = DEFINITIONAL_REPRESENTATION('',(#698),#705);
#698 = B_SPLINE_CURVE_WITH_KNOTS('',5,(#699,#700,#701,#702,#703,#704),
  .UNSPECIFIED.,.F.,.F.,(6,6),(14.456832294801,15.198684153571),
  .PIECEWISE_BEZIER_KNOTS.);
#699 = CARTESIAN_POINT('',(0.,-1.7763568394E-15));
#700 = CARTESIAN_POINT('',(9.89135811693E-03,0.194996871088));
#701 = CARTESIAN_POINT('',(1.962198422361E-02,0.392495306631));
#702 = CARTESIAN_POINT('',(2.919609407466E-02,0.592495306631));
#703 = CARTESIAN_POINT('',(3.861775985986E-02,0.794996871088));
#704 = CARTESIAN_POINT('',(4.789090809448E-02,1.));
#705 = ( GEOMETRIC_REPRESENTATION_CONTEXT(2) 
PARAMETRIC_REPRESENTATION_CONTEXT() REPRESENTATION_CONTEXT('2D SPACE',''
  ) );
#706 = ORIENTED_EDGE('',*,*,#707,.T.);
#707 = EDGE_CURVE('',#681,#708,#710,.T.);
#708 = VERTEX_POINT('',#709);
#709 = CARTESIAN_POINT('',(20.,4.,19.));
#710 = SURFACE_CURVE('',#711,(#715,#722),.PCURVE_S1.);
#711 = LINE('',#712,#713);
#712 = CARTESIAN_POINT('',(14.456832294801,4.,19.));
#713 = VECTOR('',#714,1.);
#714 = DIRECTION('',(1.,0.,-0.));
#715 = PCURVE('',#237,#716);
#716 = DEFINITIONAL_REPRESENTATION('',(#717),#721);
#717 = LINE('',#718,#719);
#718 = CARTESIAN_POINT('',(0.,-0.707106781187));
#719 = VECTOR('',#720,1.);
#720 = DIRECTION('',(1.,0.));
#721 = ( GEOMETRIC_REPRESENTATION_CONTEXT(2) 
PARAMETRIC_REPRESENTATION_CONTEXT() REPRESENTATION_CONTEXT('2D SPACE',''
  ) );
#722 = PCURVE('',#723,#728);
#723 = PLANE('',#724);
#724 = AXIS2_PLACEMENT_3D('',#725,#726,#727);
#725 = CARTESIAN_POINT('',(20.,4.,-5.));
#726 = DIRECTION('',(0.,-1.,0.));
#727 = DIRECTION('',(-1.,0.,0.));
#728 = DEFINITIONAL_REPRESENTATION('',(#729),#733);
#729 = LINE('',#730,#731);
#730 = CARTESIAN_POINT('',(5.543167705199,-24.));
#731 = VECTOR('',#732,1.);
#732 = DIRECTION('',(-1.,0.));
#733 = ( GEOMETRIC_REPRESENTATION_CONTEXT(2) 
PARAMETRIC_REPRESENTATION_CONTEXT() REPRESENTATION_CONTEXT('2D SPACE',''
  ) );
#734 = ORIENTED_EDGE('',*,*,#735,.T.);
#735 = EDGE_CURVE('',#708,#222,#736,.T.);
#736 = SURFACE_CURVE('',#737,(#741,#748),.PCURVE_S1.);
#737 = LINE('',#738,#739);
#738 = CARTESIAN_POINT('',(19.409472049133,3.409472049133,
    18.409472049133));
#739 = VECTOR('',#740,1.);
#740 = DIRECTION('',(0.57735026919,0.57735026919,0.57735026919));
#741 = PCURVE('',#237,#742);
#742 = DEFINITIONAL_REPRESENTATION('',(#743),#747);
#743 = LINE('',#744,#745);
#744 = CARTESIAN_POINT('',(4.952639754333,-1.542239418262));
#745 = VECTOR('',#746,1.);
#746 = DIRECTION('',(0.57735026919,0.816496580928));
#747 = ( GEOMETRIC_REPRESENTATION_CONTEXT(2) 
PARAMETRIC_REPRESENTATION_CONTEXT() REPRESENTATION_CONTEXT('2D SPACE',''
  ) );
#748 = PCURVE('',#265,#749);
#749 = DEFINITIONAL_REPRESENTATION('',(#750),#754);
#750 = LINE('',#751,#752);
#751 = CARTESIAN_POINT('',(0.590527950867,-1.542239418262));
#752 = VECTOR('',#753,1.);
#753 = DIRECTION('',(-0.57735026919,0.816496580928));
#754 = ( GEOMETRIC_REPRESENTATION_CONTEXT(2) 
PARAMETRIC_REPRESENTATION_CONTEXT() REPRESENTATION_CONTEXT('2D SPACE',''
  ) );
#755 = ORIENTED_EDGE('',*,*,#219,.F.);
#756 = ADVANCED_FACE('',(#757),#433,.F.);
#757 = FACE_BOUND('',#758,.F.);
#758 = EDGE_LOOP('',(#759,#760,#789,#814));
#759 = ORIENTED_EDGE('',*,*,#680,.F.);
#760 = ORIENTED_EDGE('',*,*,#761,.T.);
#761 = EDGE_CURVE('',#681,#762,#764,.T.);
#762 = VERTEX_POINT('',#763);
#763 = CARTESIAN_POINT('',(-14.4568322948,4.,19.));
#764 = SURFACE_CURVE('',#765,(#770,#777),.PCURVE_S1.);
#765 = CIRCLE('',#766,15.);
#766 = AXIS2_PLACEMENT_3D('',#767,#768,#769);
#767 = CARTESIAN_POINT('',(0.,0.,19.));
#768 = DIRECTION('',(0.,0.,1.));
#769 = DIRECTION('',(0.963788819653,0.266666666667,-0.));
#770 = PCURVE('',#433,#771);
#771 = DEFINITIONAL_REPRESENTATION('',(#772),#776);
#772 = LINE('',#773,#774);
#773 = CARTESIAN_POINT('',(0.,0.));
#774 = VECTOR('',#775,1.);
#775 = DIRECTION('',(1.,0.));
#776 = ( GEOMETRIC_REPRESENTATION_CONTEXT(2) 
PARAMETRIC_REPRESENTATION_CONTEXT() REPRESENTATION_CONTEXT('2D SPACE',''
  ) );
#777 = PCURVE('',#778,#783);
#778 = CYLINDRICAL_SURFACE('',#779,15.);
#779 = AXIS2_PLACEMENT_3D('',#780,#781,#782);
#780 = CARTESIAN_POINT('',(0.,0.,20.));
#781 = DIRECTION('',(-0.,-0.,-1.));
#782 = DIRECTION('',(1.,0.,0.));
#783 = DEFINITIONAL_REPRESENTATION('',(#784),#788);
#784 = LINE('',#785,#786);
#785 = CARTESIAN_POINT('',(-0.269932795833,1.));
#786 = VECTOR('',#787,1.);
#787 = DIRECTION('',(-1.,0.));
#788 = ( GEOMETRIC_REPRESENTATION_CONTEXT(2) 
PARAMETRIC_REPRESENTATION_CONTEXT() REPRESENTATION_CONTEXT('2D SPACE',''
  ) );
#789 = ORIENTED_EDGE('',*,*,#790,.T.);
#790 = EDGE_CURVE('',#762,#391,#791,.T.);
#791 = SURFACE_CURVE('',#792,(#797,#807),.PCURVE_S1.);
#792 = PARABOLA('',#793,3.889087296526);
#793 = AXIS2_PLACEMENT_3D('',#794,#795,#796);
#794 = CARTESIAN_POINT('',(0.,-5.5,9.5));
#795 = DIRECTION('',(0.,-0.707106781187,0.707106781187));
#796 = DIRECTION('',(0.,0.707106781187,0.707106781187));
#797 = PCURVE('',#433,#798);
#798 = DEFINITIONAL_REPRESENTATION('',(#799),#806);
#799 = B_SPLINE_CURVE_WITH_KNOTS('',5,(#800,#801,#802,#803,#804,#805),
  .UNSPECIFIED.,.F.,.F.,(6,6),(14.456832294801,15.198684153571),
  .PIECEWISE_BEZIER_KNOTS.);
#800 = CARTESIAN_POINT('',(2.601727061923,2.6645352591E-15));
#801 = CARTESIAN_POINT('',(2.591835703806,0.194996871088));
#802 = CARTESIAN_POINT('',(2.582105077699,0.392495306631));
#803 = CARTESIAN_POINT('',(2.572530967848,0.592495306631));
#804 = CARTESIAN_POINT('',(2.563109302063,0.794996871088));
#805 = CARTESIAN_POINT('',(2.553836153829,1.));
#806 = ( GEOMETRIC_REPRESENTATION_CONTEXT(2) 
PARAMETRIC_REPRESENTATION_CONTEXT() REPRESENTATION_CONTEXT('2D SPACE',''
  ) );
#807 = PCURVE('',#406,#808);
#808 = DEFINITIONAL_REPRESENTATION('',(#809),#813);
#809 = B_SPLINE_CURVE_WITH_KNOTS('',2,(#810,#811,#812),.UNSPECIFIED.,.F.
  ,.F.,(3,3),(14.456832294801,15.198684153571),
  .PIECEWISE_BEZIER_KNOTS.);
#810 = CARTESIAN_POINT('',(5.543167705199,-0.707106781187));
#811 = CARTESIAN_POINT('',(5.172241775814,-1.768873190541E-02));
#812 = CARTESIAN_POINT('',(4.801315846429,0.707106781187));
#813 = ( GEOMETRIC_REPRESENTATION_CONTEXT(2) 
PARAMETRIC_REPRESENTATION_CONTEXT() REPRESENTATION_CONTEXT('2D SPACE',''
  ) );
#814 = ORIENTED_EDGE('',*,*,#418,.F.);
#815 = ADVANCED_FACE('',(#816),#265,.T.);
#816 = FACE_BOUND('',#817,.T.);
#817 = EDGE_LOOP('',(#818,#819,#847,#868));
#818 = ORIENTED_EDGE('',*,*,#735,.F.);
#819 = ORIENTED_EDGE('',*,*,#820,.T.);
#820 = EDGE_CURVE('',#708,#821,#823,.T.);
#821 = VERTEX_POINT('',#822);
#822 = CARTESIAN_POINT('',(20.,-4.,19.));
#823 = SURFACE_CURVE('',#824,(#828,#835),.PCURVE_S1.);
#824 = LINE('',#825,#826);
#825 = CARTESIAN_POINT('',(20.,4.,19.));
#826 = VECTOR('',#827,1.);
#827 = DIRECTION('',(0.,-1.,0.));
#828 = PCURVE('',#265,#829);
#829 = DEFINITIONAL_REPRESENTATION('',(#830),#834);
#830 = LINE('',#831,#832);
#831 = CARTESIAN_POINT('',(0.,-0.707106781187));
#832 = VECTOR('',#833,1.);
#833 = DIRECTION('',(1.,0.));
#834 = ( GEOMETRIC_REPRESENTATION_CONTEXT(2) 
PARAMETRIC_REPRESENTATION_CONTEXT() REPRESENTATION_CONTEXT('2D SPACE',''
  ) );
#835 = PCURVE('',#836,#841);
#836 = PLANE('',#837);
#837 = AXIS2_PLACEMENT_3D('',#838,#839,#840);
#838 = CARTESIAN_POINT('',(20.,-4.,-5.));
#839 = DIRECTION('',(-1.,0.,0.));
#840 = DIRECTION('',(0.,1.,0.));
#841 = DEFINITIONAL_REPRESENTATION('',(#842),#846);
#842 = LINE('',#843,#844);
#843 = CARTESIAN_POINT('',(8.,-24.));
#844 = VECTOR('',#845,1.);
#845 = DIRECTION('',(-1.,0.));
#846 = ( GEOMETRIC_REPRESENTATION_CONTEXT(2) 
PARAMETRIC_REPRESENTATION_CONTEXT() REPRESENTATION_CONTEXT('2D SPACE',''
  ) );
#847 = ORIENTED_EDGE('',*,*,#848,.T.);
#848 = EDGE_CURVE('',#821,#250,#849,.T.);
#849 = SURFACE_CURVE('',#850,(#854,#861),.PCURVE_S1.);
#850 = LINE('',#851,#852);
#851 = CARTESIAN_POINT('',(19.,-3.,18.));
#852 = VECTOR('',#853,1.);
#853 = DIRECTION('',(0.57735026919,-0.57735026919,0.57735026919));
#854 = PCURVE('',#265,#855);
#855 = DEFINITIONAL_REPRESENTATION('',(#856),#860);
#856 = LINE('',#857,#858);
#857 = CARTESIAN_POINT('',(7.,-2.12132034356));
#858 = VECTOR('',#859,1.);
#859 = DIRECTION('',(0.57735026919,0.816496580928));
#860 = ( GEOMETRIC_REPRESENTATION_CONTEXT(2) 
PARAMETRIC_REPRESENTATION_CONTEXT() REPRESENTATION_CONTEXT('2D SPACE',''
  ) );
#861 = PCURVE('',#293,#862);
#862 = DEFINITIONAL_REPRESENTATION('',(#863),#867);
#863 = LINE('',#864,#865);
#864 = CARTESIAN_POINT('',(1.,-2.12132034356));
#865 = VECTOR('',#866,1.);
#866 = DIRECTION('',(-0.57735026919,0.816496580928));
#867 = ( GEOMETRIC_REPRESENTATION_CONTEXT(2) 
PARAMETRIC_REPRESENTATION_CONTEXT() REPRESENTATION_CONTEXT('2D SPACE',''
  ) );
#868 = ORIENTED_EDGE('',*,*,#249,.F.);
#869 = ADVANCED_FACE('',(#870),#406,.T.);
#870 = FACE_BOUND('',#871,.T.);
#871 = EDGE_LOOP('',(#872,#895,#921,#922));
#872 = ORIENTED_EDGE('',*,*,#873,.F.);
#873 = EDGE_CURVE('',#874,#363,#876,.T.);
#874 = VERTEX_POINT('',#875);
#875 = CARTESIAN_POINT('',(-20.,4.,19.));
#876 = SURFACE_CURVE('',#877,(#881,#888),.PCURVE_S1.);
#877 = LINE('',#878,#879);
#878 = CARTESIAN_POINT('',(-19.,3.,18.));
#879 = VECTOR('',#880,1.);
#880 = DIRECTION('',(-0.57735026919,0.57735026919,0.57735026919));
#881 = PCURVE('',#406,#882);
#882 = DEFINITIONAL_REPRESENTATION('',(#883),#887);
#883 = LINE('',#884,#885);
#884 = CARTESIAN_POINT('',(1.,-2.12132034356));
#885 = VECTOR('',#886,1.);
#886 = DIRECTION('',(-0.57735026919,0.816496580928));
#887 = ( GEOMETRIC_REPRESENTATION_CONTEXT(2) 
PARAMETRIC_REPRESENTATION_CONTEXT() REPRESENTATION_CONTEXT('2D SPACE',''
  ) );
#888 = PCURVE('',#378,#889);
#889 = DEFINITIONAL_REPRESENTATION('',(#890),#894);
#890 = LINE('',#891,#892);
#891 = CARTESIAN_POINT('',(7.,-2.12132034356));
#892 = VECTOR('',#893,1.);
#893 = DIRECTION('',(0.57735026919,0.816496580928));
#894 = ( GEOMETRIC_REPRESENTATION_CONTEXT(2) 
PARAMETRIC_REPRESENTATION_CONTEXT() REPRESENTATION_CONTEXT('2D SPACE',''
  ) );
#895 = ORIENTED_EDGE('',*,*,#896,.T.);
#896 = EDGE_CURVE('',#874,#762,#897,.T.);
#897 = SURFACE_CURVE('',#898,(#902,#909),.PCURVE_S1.);
#898 = LINE('',#899,#900);
#899 = CARTESIAN_POINT('',(-20.,4.,19.));
#900 = VECTOR('',#901,1.);
#901 = DIRECTION('',(1.,0.,-0.));
#902 = PCURVE('',#406,#903);
#903 = DEFINITIONAL_REPRESENTATION('',(#904),#908);
#904 = LINE('',#905,#906);
#905 = CARTESIAN_POINT('',(0.,-0.707106781187));
#906 = VECTOR('',#907,1.);
#907 = DIRECTION('',(1.,0.));
#908 = ( GEOMETRIC_REPRESENTATION_CONTEXT(2) 
PARAMETRIC_REPRESENTATION_CONTEXT() REPRESENTATION_CONTEXT('2D SPACE',''
  ) );
#909 = PCURVE('',#910,#915);
#910 = PLANE('',#911);
#911 = AXIS2_PLACEMENT_3D('',#912,#913,#914);
#912 = CARTESIAN_POINT('',(20.,4.,-5.));
#913 = DIRECTION('',(0.,-1.,0.));
#914 = DIRECTION('',(-1.,0.,0.));
#915 = DEFINITIONAL_REPRESENTATION('',(#916),#920);
#916 = LINE('',#917,#918);
#917 = CARTESIAN_POINT('',(40.,-24.));
#918 = VECTOR('',#919,1.);
#919 = DIRECTION('',(-1.,0.));
#920 = ( GEOMETRIC_REPRESENTATION_CONTEXT(2) 
PARAMETRIC_REPRESENTATION_CONTEXT() REPRESENTATION_CONTEXT('2D SPACE',''
  ) );
#921 = ORIENTED_EDGE('',*,*,#790,.T.);
#922 = ORIENTED_EDGE('',*,*,#390,.F.);
#923 = ADVANCED_FACE('',(#924),#293,.T.);
#924 = FACE_BOUND('',#925,.T.);
#925 = EDGE_LOOP('',(#926,#927,#955,#980));
#926 = ORIENTED_EDGE('',*,*,#848,.F.);
#927 = ORIENTED_EDGE('',*,*,#928,.T.);
#928 = EDGE_CURVE('',#821,#929,#931,.T.);
#929 = VERTEX_POINT('',#930);
#930 = CARTESIAN_POINT('',(14.456832294801,-4.,19.));
#931 = SURFACE_CURVE('',#932,(#936,#943),.PCURVE_S1.);
#932 = LINE('',#933,#934);
#933 = CARTESIAN_POINT('',(20.,-4.,19.));
#934 = VECTOR('',#935,1.);
#935 = DIRECTION('',(-1.,0.,0.));
#936 = PCURVE('',#293,#937);
#937 = DEFINITIONAL_REPRESENTATION('',(#938),#942);
#938 = LINE('',#939,#940);
#939 = CARTESIAN_POINT('',(0.,-0.707106781187));
#940 = VECTOR('',#941,1.);
#941 = DIRECTION('',(1.,0.));
#942 = ( GEOMETRIC_REPRESENTATION_CONTEXT(2) 
PARAMETRIC_REPRESENTATION_CONTEXT() REPRESENTATION_CONTEXT('2D SPACE',''
  ) );
#943 = PCURVE('',#944,#949);
#944 = PLANE('',#945);
#945 = AXIS2_PLACEMENT_3D('',#946,#947,#948);
#946 = CARTESIAN_POINT('',(-20.,-4.,-5.));
#947 = DIRECTION('',(0.,1.,0.));
#948 = DIRECTION('',(1.,0.,0.));
#949 = DEFINITIONAL_REPRESENTATION('',(#950),#954);
#950 = LINE('',#951,#952);
#951 = CARTESIAN_POINT('',(40.,-24.));
#952 = VECTOR('',#953,1.);
#953 = DIRECTION('',(-1.,0.));
#954 = ( GEOMETRIC_REPRESENTATION_CONTEXT(2) 
PARAMETRIC_REPRESENTATION_CONTEXT() REPRESENTATION_CONTEXT('2D SPACE',''
  ) );
#955 = ORIENTED_EDGE('',*,*,#956,.T.);
#956 = EDGE_CURVE('',#929,#278,#957,.T.);
#957 = SURFACE_CURVE('',#958,(#963,#970),.PCURVE_S1.);
#958 = PARABOLA('',#959,3.889087296526);
#959 = AXIS2_PLACEMENT_3D('',#960,#961,#962);
#960 = CARTESIAN_POINT('',(0.,5.5,9.5));
#961 = DIRECTION('',(0.,0.707106781187,0.707106781187));
#962 = DIRECTION('',(0.,-0.707106781187,0.707106781187));
#963 = PCURVE('',#293,#964);
#964 = DEFINITIONAL_REPRESENTATION('',(#965),#969);
#965 = B_SPLINE_CURVE_WITH_KNOTS('',2,(#966,#967,#968),.UNSPECIFIED.,.F.
  ,.F.,(3,3),(14.456832294801,15.198684153571),
  .PIECEWISE_BEZIER_KNOTS.);
#966 = CARTESIAN_POINT('',(5.543167705199,-0.707106781187));
#967 = CARTESIAN_POINT('',(5.172241775814,-1.768873190542E-02));
#968 = CARTESIAN_POINT('',(4.801315846429,0.707106781187));
#969 = ( GEOMETRIC_REPRESENTATION_CONTEXT(2) 
PARAMETRIC_REPRESENTATION_CONTEXT() REPRESENTATION_CONTEXT('2D SPACE',''
  ) );
#970 = PCURVE('',#322,#971);
#971 = DEFINITIONAL_REPRESENTATION('',(#972),#979);
#972 = B_SPLINE_CURVE_WITH_KNOTS('',5,(#973,#974,#975,#976,#977,#978),
  .UNSPECIFIED.,.F.,.F.,(6,6),(14.456832294801,15.198684153571),
  .PIECEWISE_BEZIER_KNOTS.);
#973 = CARTESIAN_POINT('',(2.601727061923,-1.7763568394E-15));
#974 = CARTESIAN_POINT('',(2.591835703806,0.194996871088));
#975 = CARTESIAN_POINT('',(2.582105077699,0.392495306631));
#976 = CARTESIAN_POINT('',(2.572530967848,0.592495306631));
#977 = CARTESIAN_POINT('',(2.563109302063,0.794996871088));
#978 = CARTESIAN_POINT('',(2.553836153829,1.));
#979 = ( GEOMETRIC_REPRESENTATION_CONTEXT(2) 
PARAMETRIC_REPRESENTATION_CONTEXT() REPRESENTATION_CONTEXT('2D SPACE',''
  ) );
#980 = ORIENTED_EDGE('',*,*,#277,.F.);
#981 = ADVANCED_FACE('',(#982),#378,.T.);
#982 = FACE_BOUND('',#983,.T.);
#983 = EDGE_LOOP('',(#984,#1007,#1033,#1034));
#984 = ORIENTED_EDGE('',*,*,#985,.F.);
#985 = EDGE_CURVE('',#986,#335,#988,.T.);
#986 = VERTEX_POINT('',#987);
#987 = CARTESIAN_POINT('',(-20.,-4.,19.));
#988 = SURFACE_CURVE('',#989,(#993,#1000),.PCURVE_S1.);
#989 = LINE('',#990,#991);
#990 = CARTESIAN_POINT('',(-19.40947204913,-3.409472049133,
    18.409472049133));
#991 = VECTOR('',#992,1.);
#992 = DIRECTION('',(-0.57735026919,-0.57735026919,0.57735026919));
#993 = PCURVE('',#378,#994);
#994 = DEFINITIONAL_REPRESENTATION('',(#995),#999);
#995 = LINE('',#996,#997);
#996 = CARTESIAN_POINT('',(0.590527950867,-1.542239418262));
#997 = VECTOR('',#998,1.);
#998 = DIRECTION('',(-0.57735026919,0.816496580928));
#999 = ( GEOMETRIC_REPRESENTATION_CONTEXT(2) 
PARAMETRIC_REPRESENTATION_CONTEXT() REPRESENTATION_CONTEXT('2D SPACE',''
  ) );
#1000 = PCURVE('',#350,#1001);
#1001 = DEFINITIONAL_REPRESENTATION('',(#1002),#1006);
#1002 = LINE('',#1003,#1004);
#1003 = CARTESIAN_POINT('',(4.952639754333,-1.542239418262));
#1004 = VECTOR('',#1005,1.);
#1005 = DIRECTION('',(0.57735026919,0.816496580928));
#1006 = ( GEOMETRIC_REPRESENTATION_CONTEXT(2) 
PARAMETRIC_REPRESENTATION_CONTEXT() REPRESENTATION_CONTEXT('2D SPACE',''
  ) );
#1007 = ORIENTED_EDGE('',*,*,#1008,.T.);
#1008 = EDGE_CURVE('',#986,#874,#1009,.T.);
#1009 = SURFACE_CURVE('',#1010,(#1014,#1021),.PCURVE_S1.);
#1010 = LINE('',#1011,#1012);
#1011 = CARTESIAN_POINT('',(-20.,-4.,19.));
#1012 = VECTOR('',#1013,1.);
#1013 = DIRECTION('',(-0.,1.,0.));
#1014 = PCURVE('',#378,#1015);
#1015 = DEFINITIONAL_REPRESENTATION('',(#1016),#1020);
#1016 = LINE('',#1017,#1018);
#1017 = CARTESIAN_POINT('',(0.,-0.707106781187));
#1018 = VECTOR('',#1019,1.);
#1019 = DIRECTION('',(1.,0.));
#1020 = ( GEOMETRIC_REPRESENTATION_CONTEXT(2) 
PARAMETRIC_REPRESENTATION_CONTEXT() REPRESENTATION_CONTEXT('2D SPACE',''
  ) );
#1021 = PCURVE('',#1022,#1027);
#1022 = PLANE('',#1023);
#1023 = AXIS2_PLACEMENT_3D('',#1024,#1025,#1026);
#1024 = CARTESIAN_POINT('',(-20.,4.,-5.));
#1025 = DIRECTION('',(1.,0.,-0.));
#1026 = DIRECTION('',(0.,-1.,0.));
#1027 = DEFINITIONAL_REPRESENTATION('',(#1028),#1032);
#1028 = LINE('',#1029,#1030);
#1029 = CARTESIAN_POINT('',(8.,-24.));
#1030 = VECTOR('',#1031,1.);
#1031 = DIRECTION('',(-1.,-0.));
#1032 = ( GEOMETRIC_REPRESENTATION_CONTEXT(2) 
PARAMETRIC_REPRESENTATION_CONTEXT() REPRESENTATION_CONTEXT('2D SPACE',''
  ) );
#1033 = ORIENTED_EDGE('',*,*,#873,.T.);
#1034 = ORIENTED_EDGE('',*,*,#362,.F.);
#1035 = ADVANCED_FACE('',(#1036),#322,.F.);
#1036 = FACE_BOUND('',#1037,.F.);
#1037 = EDGE_LOOP('',(#1038,#1065,#1092,#1093));
#1038 = ORIENTED_EDGE('',*,*,#1039,.F.);
#1039 = EDGE_CURVE('',#1040,#306,#1042,.T.);
#1040 = VERTEX_POINT('',#1041);
#1041 = CARTESIAN_POINT('',(-14.4568322948,-4.,19.));
#1042 = SURFACE_CURVE('',#1043,(#1048,#1058),.PCURVE_S1.);
#1043 = PARABOLA('',#1044,3.889087296526);
#1044 = AXIS2_PLACEMENT_3D('',#1045,#1046,#1047);
#1045 = CARTESIAN_POINT('',(0.,5.5,9.5));
#1046 = DIRECTION('',(-0.,-0.707106781187,-0.707106781187));
#1047 = DIRECTION('',(0.,-0.707106781187,0.707106781187));
#1048 = PCURVE('',#322,#1049);
#1049 = DEFINITIONAL_REPRESENTATION('',(#1050),#1057);
#1050 = B_SPLINE_CURVE_WITH_KNOTS('',5,(#1051,#1052,#1053,#1054,#1055,
    #1056),.UNSPECIFIED.,.F.,.F.,(6,6),(14.456832294801,15.198684153571)
  ,.PIECEWISE_BEZIER_KNOTS.);
#1051 = CARTESIAN_POINT('',(2.960594732334E-16,7.105427357601E-15));
#1052 = CARTESIAN_POINT('',(9.89135811693E-03,0.194996871088));
#1053 = CARTESIAN_POINT('',(1.962198422363E-02,0.392495306631));
#1054 = CARTESIAN_POINT('',(2.919609407463E-02,0.592495306631));
#1055 = CARTESIAN_POINT('',(3.861775985986E-02,0.794996871088));
#1056 = CARTESIAN_POINT('',(4.789090809448E-02,1.));
#1057 = ( GEOMETRIC_REPRESENTATION_CONTEXT(2) 
PARAMETRIC_REPRESENTATION_CONTEXT() REPRESENTATION_CONTEXT('2D SPACE',''
  ) );
#1058 = PCURVE('',#350,#1059);
#1059 = DEFINITIONAL_REPRESENTATION('',(#1060),#1064);
#1060 = B_SPLINE_CURVE_WITH_KNOTS('',2,(#1061,#1062,#1063),
  .UNSPECIFIED.,.F.,.F.,(3,3),(14.456832294801,15.198684153571),
  .PIECEWISE_BEZIER_KNOTS.);
#1061 = CARTESIAN_POINT('',(3.552713678801E-15,-0.707106781187));
#1062 = CARTESIAN_POINT('',(0.370925929385,-1.768873190541E-02));
#1063 = CARTESIAN_POINT('',(0.74185185877,0.707106781187));
#1064 = ( GEOMETRIC_REPRESENTATION_CONTEXT(2) 
PARAMETRIC_REPRESENTATION_CONTEXT() REPRESENTATION_CONTEXT('2D SPACE',''
  ) );
#1065 = ORIENTED_EDGE('',*,*,#1066,.T.);
#1066 = EDGE_CURVE('',#1040,#929,#1067,.T.);
#1067 = SURFACE_CURVE('',#1068,(#1073,#1080),.PCURVE_S1.);
#1068 = CIRCLE('',#1069,15.);
#1069 = AXIS2_PLACEMENT_3D('',#1070,#1071,#1072);
#1070 = CARTESIAN_POINT('',(0.,0.,19.));
#1071 = DIRECTION('',(0.,0.,1.));
#1072 = DIRECTION('',(-0.963788819653,-0.266666666667,0.));
#1073 = PCURVE('',#322,#1074);
#1074 = DEFINITIONAL_REPRESENTATION('',(#1075),#1079);
#1075 = LINE('',#1076,#1077);
#1076 = CARTESIAN_POINT('',(0.,0.));
#1077 = VECTOR('',#1078,1.);
#1078 = DIRECTION('',(1.,0.));
#1079 = ( GEOMETRIC_REPRESENTATION_CONTEXT(2) 
PARAMETRIC_REPRESENTATION_CONTEXT() REPRESENTATION_CONTEXT('2D SPACE',''
  ) );
#1080 = PCURVE('',#1081,#1086);
#1081 = CYLINDRICAL_SURFACE('',#1082,15.);
#1082 = AXIS2_PLACEMENT_3D('',#1083,#1084,#1085);
#1083 = CARTESIAN_POINT('',(0.,0.,20.));
#1084 = DIRECTION('',(-0.,-0.,-1.));
#1085 = DIRECTION('',(1.,0.,0.));
#1086 = DEFINITIONAL_REPRESENTATION('',(#1087),#1091);
#1087 = LINE('',#1088,#1089);
#1088 = CARTESIAN_POINT('',(-3.411525449423,1.));
#1089 = VECTOR('',#1090,1.);
#1090 = DIRECTION('',(-1.,0.));
#1091 = ( GEOMETRIC_REPRESENTATION_CONTEXT(2) 
PARAMETRIC_REPRESENTATION_CONTEXT() REPRESENTATION_CONTEXT('2D SPACE',''
  ) );
#1092 = ORIENTED_EDGE('',*,*,#956,.T.);
#1093 = ORIENTED_EDGE('',*,*,#305,.F.);
#1094 = ADVANCED_FACE('',(#1095),#350,.T.);
#1095 = FACE_BOUND('',#1096,.T.);
#1096 = EDGE_LOOP('',(#1097,#1098,#1124,#1125));
#1097 = ORIENTED_EDGE('',*,*,#1039,.F.);
#1098 = ORIENTED_EDGE('',*,*,#1099,.T.);
#1099 = EDGE_CURVE('',#1040,#986,#1100,.T.);
#1100 = SURFACE_CURVE('',#1101,(#1105,#1112),.PCURVE_S1.);
#1101 = LINE('',#1102,#1103);
#1102 = CARTESIAN_POINT('',(-14.4568322948,-4.,19.));
#1103 = VECTOR('',#1104,1.);
#1104 = DIRECTION('',(-1.,0.,0.));
#1105 = PCURVE('',#350,#1106);
#1106 = DEFINITIONAL_REPRESENTATION('',(#1107),#1111);
#1107 = LINE('',#1108,#1109);
#1108 = CARTESIAN_POINT('',(0.,-0.707106781187));
#1109 = VECTOR('',#1110,1.);
#1110 = DIRECTION('',(1.,0.));
#1111 = ( GEOMETRIC_REPRESENTATION_CONTEXT(2) 
PARAMETRIC_REPRESENTATION_CONTEXT() REPRESENTATION_CONTEXT('2D SPACE',''
  ) );
#1112 = PCURVE('',#1113,#1118);
#1113 = PLANE('',#1114);
#1114 = AXIS2_PLACEMENT_3D('',#1115,#1116,#1117);
#1115 = CARTESIAN_POINT('',(-20.,-4.,-5.));
#1116 = DIRECTION('',(0.,1.,0.));
#1117 = DIRECTION('',(1.,0.,0.));
#1118 = DEFINITIONAL_REPRESENTATION('',(#1119),#1123);
#1119 = LINE('',#1120,#1121);
#1120 = CARTESIAN_POINT('',(5.543167705199,-24.));
#1121 = VECTOR('',#1122,1.);
#1122 = DIRECTION('',(-1.,0.));
#1123 = ( GEOMETRIC_REPRESENTATION_CONTEXT(2) 
PARAMETRIC_REPRESENTATION_CONTEXT() REPRESENTATION_CONTEXT('2D SPACE',''
  ) );
#1124 = ORIENTED_EDGE('',*,*,#985,.T.);
#1125 = ORIENTED_EDGE('',*,*,#334,.F.);
#1126 = ADVANCED_FACE('',(#1127),#469,.T.);
#1127 = FACE_BOUND('',#1128,.T.);
#1128 = EDGE_LOOP('',(#1129,#1163,#1186,#1276));
#1129 = ORIENTED_EDGE('',*,*,#1130,.T.);
#1130 = EDGE_CURVE('',#452,#1131,#1133,.T.);
#1131 = VERTEX_POINT('',#1132);
#1132 = CARTESIAN_POINT('',(20.,4.,1.));
#1133 = SURFACE_CURVE('',#1134,(#1139,#1151),.PCURVE_S1.);
#1134 = ELLIPSE('',#1135,1.414213562373,1.);
#1135 = AXIS2_PLACEMENT_3D('',#1136,#1137,#1138);
#1136 = CARTESIAN_POINT('',(21.,5.,1.));
#1137 = DIRECTION('',(-0.707106781187,0.707106781187,0.));
#1138 = DIRECTION('',(-0.707106781187,-0.707106781187,0.));
#1139 = PCURVE('',#469,#1140);
#1140 = DEFINITIONAL_REPRESENTATION('',(#1141),#1150);
#1141 = B_SPLINE_CURVE_WITH_KNOTS('',7,(#1142,#1143,#1144,#1145,#1146,
    #1147,#1148,#1149),.UNSPECIFIED.,.F.,.F.,(8,8),(4.712388980385,
    6.28318530718),.PIECEWISE_BEZIER_KNOTS.);
#1142 = CARTESIAN_POINT('',(0.,-1.));
#1143 = CARTESIAN_POINT('',(0.224399475256,-0.775600524744));
#1144 = CARTESIAN_POINT('',(0.448798950513,-0.551201960681));
#1145 = CARTESIAN_POINT('',(0.673198425769,-0.345253174226));
#1146 = CARTESIAN_POINT('',(0.897597901025,-0.176237495375));
#1147 = CARTESIAN_POINT('',(1.121997376282,-5.874867260999E-02));
#1148 = CARTESIAN_POINT('',(1.346396851538,-5.496201982062E-17));
#1149 = CARTESIAN_POINT('',(1.570796326795,0.));
#1150 = ( GEOMETRIC_REPRESENTATION_CONTEXT(2) 
PARAMETRIC_REPRESENTATION_CONTEXT() REPRESENTATION_CONTEXT('2D SPACE',''
  ) );
#1151 = PCURVE('',#665,#1152);
#1152 = DEFINITIONAL_REPRESENTATION('',(#1153),#1162);
#1153 = B_SPLINE_CURVE_WITH_KNOTS('',7,(#1154,#1155,#1156,#1157,#1158,
    #1159,#1160,#1161),.UNSPECIFIED.,.F.,.F.,(8,8),(4.712388980385,
    6.28318530718),.PIECEWISE_BEZIER_KNOTS.);
#1154 = CARTESIAN_POINT('',(0.,9.));
#1155 = CARTESIAN_POINT('',(0.224399475256,8.775600524744));
#1156 = CARTESIAN_POINT('',(0.448798950513,8.551201960679));
#1157 = CARTESIAN_POINT('',(0.673198425769,8.34525317423));
#1158 = CARTESIAN_POINT('',(0.897597901025,8.176237495371));
#1159 = CARTESIAN_POINT('',(1.121997376282,8.058748672612));
#1160 = CARTESIAN_POINT('',(1.346396851538,8.));
#1161 = CARTESIAN_POINT('',(1.570796326795,8.));
#1162 = ( GEOMETRIC_REPRESENTATION_CONTEXT(2) 
PARAMETRIC_REPRESENTATION_CONTEXT() REPRESENTATION_CONTEXT('2D SPACE',''
  ) );
#1163 = ORIENTED_EDGE('',*,*,#1164,.T.);
#1164 = EDGE_CURVE('',#1131,#1165,#1167,.T.);
#1165 = VERTEX_POINT('',#1166);
#1166 = CARTESIAN_POINT('',(14.456832294801,4.,1.));
#1167 = SURFACE_CURVE('',#1168,(#1172,#1179),.PCURVE_S1.);
#1168 = LINE('',#1169,#1170);
#1169 = CARTESIAN_POINT('',(20.,4.,1.));
#1170 = VECTOR('',#1171,1.);
#1171 = DIRECTION('',(-1.,0.,0.));
#1172 = PCURVE('',#469,#1173);
#1173 = DEFINITIONAL_REPRESENTATION('',(#1174),#1178);
#1174 = LINE('',#1175,#1176);
#1175 = CARTESIAN_POINT('',(1.570796326795,0.));
#1176 = VECTOR('',#1177,1.);
#1177 = DIRECTION('',(0.,1.));
#1178 = ( GEOMETRIC_REPRESENTATION_CONTEXT(2) 
PARAMETRIC_REPRESENTATION_CONTEXT() REPRESENTATION_CONTEXT('2D SPACE',''
  ) );
#1179 = PCURVE('',#723,#1180);
#1180 = DEFINITIONAL_REPRESENTATION('',(#1181),#1185);
#1181 = LINE('',#1182,#1183);
#1182 = CARTESIAN_POINT('',(0.,-6.));
#1183 = VECTOR('',#1184,1.);
#1184 = DIRECTION('',(1.,0.));
#1185 = ( GEOMETRIC_REPRESENTATION_CONTEXT(2) 
PARAMETRIC_REPRESENTATION_CONTEXT() REPRESENTATION_CONTEXT('2D SPACE',''
  ) );
#1186 = ORIENTED_EDGE('',*,*,#1187,.F.);
#1187 = EDGE_CURVE('',#454,#1165,#1188,.T.);
#1188 = SURFACE_CURVE('',#1189,(#1216,#1246),.PCURVE_S1.);
#1189 = B_SPLINE_CURVE_WITH_KNOTS('',7,(#1190,#1191,#1192,#1193,#1194,
    #1195,#1196,#1197,#1198,#1199,#1200,#1201,#1202,#1203,#1204,#1205,
    #1206,#1207,#1208,#1209,#1210,#1211,#1212,#1213,#1214,#1215),
  .UNSPECIFIED.,.F.,.F.,(8,6,6,6,8),(0.,3.250659841376E-02,
    0.324584845366,0.60412800443,1.),.UNSPECIFIED.);
#1190 = CARTESIAN_POINT('',(15.198684153741,4.999999999483,0.));
#1191 = CARTESIAN_POINT('',(15.193751390737,4.993184408999,
    -7.771134275515E-12));
#1192 = CARTESIAN_POINT('',(15.188817245796,4.986369488768,
    5.419433494968E-05));
#1193 = CARTESIAN_POINT('',(15.18388199452,4.979555622859,
    1.625637940739E-04));
#1194 = CARTESIAN_POINT('',(15.178945912896,4.972743194756,
    3.25089363556E-04));
#1195 = CARTESIAN_POINT('',(15.174009277295,4.965932587358,
    5.417522653933E-04));
#1196 = CARTESIAN_POINT('',(15.169072364475,4.95912418298,
    8.125339496261E-04));
#1197 = CARTESIAN_POINT('',(15.119776308052,4.89116672145,
    4.056546730082E-03));
#1198 = CARTESIAN_POINT('',(15.075420559044,4.83022844512,
    1.134307903873E-02));
#1199 = CARTESIAN_POINT('',(15.031263324314,4.769772507663,
    2.298335748934E-02));
#1200 = CARTESIAN_POINT('',(14.987509550084,4.710075827188,
    3.896735547244E-02));
#1201 = CARTESIAN_POINT('',(14.944377200097,4.651427319734,
    5.928468766917E-02));
#1202 = CARTESIAN_POINT('',(14.902100446681,4.594131952406,
    8.392062242046E-02));
#1203 = CARTESIAN_POINT('',(14.821532061337,4.485284555553,
    0.140541917193));
#1204 = CARTESIAN_POINT('',(14.783153715571,4.433600301719,
    0.172162008617));
#1205 = CARTESIAN_POINT('',(14.746018947884,4.383745355426,
    0.207690830325));
#1206 = CARTESIAN_POINT('',(14.710379371205,4.336039399959,
    0.247090198856));
#1207 = CARTESIAN_POINT('',(14.676516823319,4.290837252328,
    0.290290006119));
#1208 = CARTESIAN_POINT('',(14.644737851995,4.248521994036,
    0.337171295041));
#1209 = CARTESIAN_POINT('',(14.573764002788,4.154221215298,
    0.458887672375));
#1210 = CARTESIAN_POINT('',(14.536935932612,4.105472449785,
    0.537322993799));
#1211 = CARTESIAN_POINT('',(14.505893560685,4.064518542334,
    0.622211101702));
#1212 = CARTESIAN_POINT('',(14.481649753902,4.03261642075,0.712553609547
    ));
#1213 = CARTESIAN_POINT('',(14.465099874256,4.010865753731,
    0.806940044414));
#1214 = CARTESIAN_POINT('',(14.456832294801,4.,0.903493363933));
#1215 = CARTESIAN_POINT('',(14.456832294801,4.,1.));
#1216 = PCURVE('',#469,#1217);
#1217 = DEFINITIONAL_REPRESENTATION('',(#1218),#1245);
#1218 = B_SPLINE_CURVE_WITH_KNOTS('',7,(#1219,#1220,#1221,#1222,#1223,
    #1224,#1225,#1226,#1227,#1228,#1229,#1230,#1231,#1232,#1233,#1234,
    #1235,#1236,#1237,#1238,#1239,#1240,#1241,#1242,#1243,#1244),
  .UNSPECIFIED.,.F.,.F.,(8,6,6,6,8),(0.,3.250659841376E-02,
    0.324584845366,0.60412800443,1.),.UNSPECIFIED.);
#1219 = CARTESIAN_POINT('',(0.,4.801315846259));
#1220 = CARTESIAN_POINT('',(6.815591145261E-03,4.806248609263));
#1221 = CARTESIAN_POINT('',(1.363051151067E-02,4.811182754204));
#1222 = CARTESIAN_POINT('',(2.044489434156E-02,4.81611800548));
#1223 = CARTESIAN_POINT('',(2.725887310049E-02,4.821054087104));
#1224 = CARTESIAN_POINT('',(3.407258146723E-02,4.825990722705));
#1225 = CARTESIAN_POINT('',(4.088615333874E-02,4.830927635525));
#1226 = CARTESIAN_POINT('',(0.108920998797,4.880223691948));
#1227 = CARTESIAN_POINT('',(0.170137420785,4.924579440956));
#1228 = CARTESIAN_POINT('',(0.231454309057,4.968736675686));
#1229 = CARTESIAN_POINT('',(0.292969481988,5.012490449916));
#1230 = CARTESIAN_POINT('',(0.354777934148,5.055622799903));
#1231 = CARTESIAN_POINT('',(0.416976514377,5.097899553319));
#1232 = CARTESIAN_POINT('',(0.539670144299,5.178467938663));
#1233 = CARTESIAN_POINT('',(0.600113896472,5.216846284429));
#1234 = CARTESIAN_POINT('',(0.661091554579,5.253981052116));
#1235 = CARTESIAN_POINT('',(0.722677809065,5.289620628795));
#1236 = CARTESIAN_POINT('',(0.784934538825,5.323483176681));
#1237 = CARTESIAN_POINT('',(0.847910605974,5.355262148005));
#1238 = CARTESIAN_POINT('',(1.001883049554,5.426235997212));
#1239 = CARTESIAN_POINT('',(1.093743154717,5.463064067388));
#1240 = CARTESIAN_POINT('',(1.187130104534,5.494106439315));
#1241 = CARTESIAN_POINT('',(1.281881323314,5.518350246098));
#1242 = CARTESIAN_POINT('',(1.377736494453,5.534900125744));
#1243 = CARTESIAN_POINT('',(1.474289690728,5.543167705199));
#1244 = CARTESIAN_POINT('',(1.570796326795,5.543167705199));
#1245 = ( GEOMETRIC_REPRESENTATION_CONTEXT(2) 
PARAMETRIC_REPRESENTATION_CONTEXT() REPRESENTATION_CONTEXT('2D SPACE',''
  ) );
#1246 = PCURVE('',#498,#1247);
#1247 = DEFINITIONAL_REPRESENTATION('',(#1248),#1275);
#1248 = B_SPLINE_CURVE_WITH_KNOTS('',7,(#1249,#1250,#1251,#1252,#1253,
    #1254,#1255,#1256,#1257,#1258,#1259,#1260,#1261,#1262,#1263,#1264,
    #1265,#1266,#1267,#1268,#1269,#1270,#1271,#1272,#1273,#1274),
  .UNSPECIFIED.,.F.,.F.,(8,6,6,6,8),(0.,3.250659841376E-02,
    0.324584845366,0.60412800443,1.),.UNSPECIFIED.);
#1249 = CARTESIAN_POINT('',(-4.789090806046E-02,1.570796326795));
#1250 = CARTESIAN_POINT('',(-4.758261043504E-02,1.577611917939));
#1251 = CARTESIAN_POINT('',(-4.727407316435E-02,1.584426838305));
#1252 = CARTESIAN_POINT('',(-4.696531324471E-02,1.591241221136));
#1253 = CARTESIAN_POINT('',(-4.665634773321E-02,1.598055199896));
#1254 = CARTESIAN_POINT('',(-4.63471937478E-02,1.604868908262));
#1255 = CARTESIAN_POINT('',(-4.603786846721E-02,1.611682480134));
#1256 = CARTESIAN_POINT('',(-4.294765579088E-02,1.679717325592));
#1257 = CARTESIAN_POINT('',(-4.015469972525E-02,1.74093374758));
#1258 = CARTESIAN_POINT('',(-3.73616705235E-02,1.802250635852));
#1259 = CARTESIAN_POINT('',(-3.458166669104E-02,1.863765808783));
#1260 = CARTESIAN_POINT('',(-3.1828966155E-02,1.925574260943));
#1261 = CARTESIAN_POINT('',(-2.911925677001E-02,1.987772841172));
#1262 = CARTESIAN_POINT('',(-2.393418043553E-02,2.110466471094));
#1263 = CARTESIAN_POINT('',(-2.145416068994E-02,2.170910223267));
#1264 = CARTESIAN_POINT('',(-1.904492779904E-02,2.231887881374));
#1265 = CARTESIAN_POINT('',(-1.672387390038E-02,2.29347413586));
#1266 = CARTESIAN_POINT('',(-1.451070891966E-02,2.35573086562));
#1267 = CARTESIAN_POINT('',(-1.242707371559E-02,2.418706932769));
#1268 = CARTESIAN_POINT('',(-7.760655727886E-03,2.572679376349));
#1269 = CARTESIAN_POINT('',(-5.327670886302E-03,2.664539481512));
#1270 = CARTESIAN_POINT('',(-3.268218859191E-03,2.757926431329));
#1271 = CARTESIAN_POINT('',(-1.654504593208E-03,2.852677650109));
#1272 = CARTESIAN_POINT('',(-5.511702574728E-04,2.948532821248));
#1273 = CARTESIAN_POINT('',(0.,3.045086017523));
#1274 = CARTESIAN_POINT('',(0.,3.14159265359));
#1275 = ( GEOMETRIC_REPRESENTATION_CONTEXT(2) 
PARAMETRIC_REPRESENTATION_CONTEXT() REPRESENTATION_CONTEXT('2D SPACE',''
  ) );
#1276 = ORIENTED_EDGE('',*,*,#451,.F.);
#1277 = ADVANCED_FACE('',(#1278),#665,.T.);
#1278 = FACE_BOUND('',#1279,.T.);
#1279 = EDGE_LOOP('',(#1280,#1314,#1335,#1336));
#1280 = ORIENTED_EDGE('',*,*,#1281,.T.);
#1281 = EDGE_CURVE('',#624,#1282,#1284,.T.);
#1282 = VERTEX_POINT('',#1283);
#1283 = CARTESIAN_POINT('',(20.,-4.,1.));
#1284 = SURFACE_CURVE('',#1285,(#1290,#1302),.PCURVE_S1.);
#1285 = ELLIPSE('',#1286,1.414213562373,1.);
#1286 = AXIS2_PLACEMENT_3D('',#1287,#1288,#1289);
#1287 = CARTESIAN_POINT('',(21.,-5.,1.));
#1288 = DIRECTION('',(0.707106781187,0.707106781187,0.));
#1289 = DIRECTION('',(-0.707106781187,0.707106781187,0.));
#1290 = PCURVE('',#665,#1291);
#1291 = DEFINITIONAL_REPRESENTATION('',(#1292),#1301);
#1292 = B_SPLINE_CURVE_WITH_KNOTS('',7,(#1293,#1294,#1295,#1296,#1297,
    #1298,#1299,#1300),.UNSPECIFIED.,.F.,.F.,(8,8),(4.712388980385,
    6.28318530718),.PIECEWISE_BEZIER_KNOTS.);
#1293 = CARTESIAN_POINT('',(0.,-1.));
#1294 = CARTESIAN_POINT('',(0.224399475256,-0.775600524744));
#1295 = CARTESIAN_POINT('',(0.448798950513,-0.551201960681));
#1296 = CARTESIAN_POINT('',(0.673198425769,-0.345253174226));
#1297 = CARTESIAN_POINT('',(0.897597901025,-0.176237495375));
#1298 = CARTESIAN_POINT('',(1.121997376282,-5.874867260991E-02));
#1299 = CARTESIAN_POINT('',(1.346396851538,-5.496201982062E-17));
#1300 = CARTESIAN_POINT('',(1.570796326795,0.));
#1301 = ( GEOMETRIC_REPRESENTATION_CONTEXT(2) 
PARAMETRIC_REPRESENTATION_CONTEXT() REPRESENTATION_CONTEXT('2D SPACE',''
  ) );
#1302 = PCURVE('',#639,#1303);
#1303 = DEFINITIONAL_REPRESENTATION('',(#1304),#1313);
#1304 = B_SPLINE_CURVE_WITH_KNOTS('',7,(#1305,#1306,#1307,#1308,#1309,
    #1310,#1311,#1312),.UNSPECIFIED.,.F.,.F.,(8,8),(4.712388980385,
    6.28318530718),.PIECEWISE_BEZIER_KNOTS.);
#1305 = CARTESIAN_POINT('',(0.,6.543167705199));
#1306 = CARTESIAN_POINT('',(0.224399475256,6.318768229943));
#1307 = CARTESIAN_POINT('',(0.448798950513,6.09436966588));
#1308 = CARTESIAN_POINT('',(0.673198425769,5.888420879425));
#1309 = CARTESIAN_POINT('',(0.897597901025,5.719405200575));
#1310 = CARTESIAN_POINT('',(1.121997376282,5.601916377808));
#1311 = CARTESIAN_POINT('',(1.346396851538,5.543167705199));
#1312 = CARTESIAN_POINT('',(1.570796326795,5.543167705199));
#1313 = ( GEOMETRIC_REPRESENTATION_CONTEXT(2) 
PARAMETRIC_REPRESENTATION_CONTEXT() REPRESENTATION_CONTEXT('2D SPACE',''
  ) );
#1314 = ORIENTED_EDGE('',*,*,#1315,.T.);
#1315 = EDGE_CURVE('',#1282,#1131,#1316,.T.);
#1316 = SURFACE_CURVE('',#1317,(#1321,#1328),.PCURVE_S1.);
#1317 = LINE('',#1318,#1319);
#1318 = CARTESIAN_POINT('',(20.,-4.,1.));
#1319 = VECTOR('',#1320,1.);
#1320 = DIRECTION('',(0.,1.,-0.));
#1321 = PCURVE('',#665,#1322);
#1322 = DEFINITIONAL_REPRESENTATION('',(#1323),#1327);
#1323 = LINE('',#1324,#1325);
#1324 = CARTESIAN_POINT('',(1.570796326795,0.));
#1325 = VECTOR('',#1326,1.);
#1326 = DIRECTION('',(0.,1.));
#1327 = ( GEOMETRIC_REPRESENTATION_CONTEXT(2) 
PARAMETRIC_REPRESENTATION_CONTEXT() REPRESENTATION_CONTEXT('2D SPACE',''
  ) );
#1328 = PCURVE('',#836,#1329);
#1329 = DEFINITIONAL_REPRESENTATION('',(#1330),#1334);
#1330 = LINE('',#1331,#1332);
#1331 = CARTESIAN_POINT('',(0.,-6.));
#1332 = VECTOR('',#1333,1.);
#1333 = DIRECTION('',(1.,0.));
#1334 = ( GEOMETRIC_REPRESENTATION_CONTEXT(2) 
PARAMETRIC_REPRESENTATION_CONTEXT() REPRESENTATION_CONTEXT('2D SPACE',''
  ) );
#1335 = ORIENTED_EDGE('',*,*,#1130,.F.);
#1336 = ORIENTED_EDGE('',*,*,#651,.F.);
#1337 = ADVANCED_FACE('',(#1338),#498,.T.);
#1338 = FACE_BOUND('',#1339,.F.);
#1339 = EDGE_LOOP('',(#1340,#1341,#1342,#1434));
#1340 = ORIENTED_EDGE('',*,*,#1187,.F.);
#1341 = ORIENTED_EDGE('',*,*,#481,.T.);
#1342 = ORIENTED_EDGE('',*,*,#1343,.T.);
#1343 = EDGE_CURVE('',#482,#1344,#1346,.T.);
#1344 = VERTEX_POINT('',#1345);
#1345 = CARTESIAN_POINT('',(-14.4568322948,4.,1.));
#1346 = SURFACE_CURVE('',#1347,(#1374,#1404),.PCURVE_S1.);
#1347 = B_SPLINE_CURVE_WITH_KNOTS('',7,(#1348,#1349,#1350,#1351,#1352,
    #1353,#1354,#1355,#1356,#1357,#1358,#1359,#1360,#1361,#1362,#1363,
    #1364,#1365,#1366,#1367,#1368,#1369,#1370,#1371,#1372,#1373),
  .UNSPECIFIED.,.F.,.F.,(8,6,6,6,8),(0.,3.250659848378E-02,
    0.324584845422,0.604128004472,1.),.UNSPECIFIED.);
#1348 = CARTESIAN_POINT('',(-15.19868415357,5.,0.));
#1349 = CARTESIAN_POINT('',(-15.19375139086,4.993184408872,
    -8.232797504242E-12));
#1350 = CARTESIAN_POINT('',(-15.18881724592,4.986369488599,
    5.419433427026E-05));
#1351 = CARTESIAN_POINT('',(-15.18388199455,4.979555622854,
    1.62563793413E-04));
#1352 = CARTESIAN_POINT('',(-15.17894591284,4.972743194872,
    3.25089363146E-04));
#1353 = CARTESIAN_POINT('',(-15.17400927724,4.965932587453,
    5.417522654672E-04));
#1354 = CARTESIAN_POINT('',(-15.16907236445,4.959124182958,
    8.125339504209E-04));
#1355 = CARTESIAN_POINT('',(-15.11977630802,4.891166721413,
    4.056546734095E-03));
#1356 = CARTESIAN_POINT('',(-15.07542055901,4.830228445084,
    1.134307904497E-02));
#1357 = CARTESIAN_POINT('',(-15.03126332428,4.769772507628,
    2.298335749779E-02));
#1358 = CARTESIAN_POINT('',(-14.98750955005,4.710075827152,
    3.896735548307E-02));
#1359 = CARTESIAN_POINT('',(-14.94437720007,4.651427319699,
    5.928468768196E-02));
#1360 = CARTESIAN_POINT('',(-14.90210044665,4.594131952372,
    8.39206224354E-02));
#1361 = CARTESIAN_POINT('',(-14.82153206131,4.485284555521,
    0.140541917212));
#1362 = CARTESIAN_POINT('',(-14.78315371554,4.433600301689,
    0.172162008638));
#1363 = CARTESIAN_POINT('',(-14.74601894786,4.383745355397,
    0.207690830348));
#1364 = CARTESIAN_POINT('',(-14.71037937118,4.336039399931,0.24709019888
    ));
#1365 = CARTESIAN_POINT('',(-14.67651682329,4.290837252301,
    0.290290006146));
#1366 = CARTESIAN_POINT('',(-14.64473785197,4.248521994011,
    0.337171295068));
#1367 = CARTESIAN_POINT('',(-14.57376400277,4.154221215281,
    0.458887672402));
#1368 = CARTESIAN_POINT('',(-14.5369359326,4.105472449773,0.537322993823
    ));
#1369 = CARTESIAN_POINT('',(-14.50589356067,4.064518542327,
    0.622211101723));
#1370 = CARTESIAN_POINT('',(-14.4816497539,4.032616420746,0.712553609563
    ));
#1371 = CARTESIAN_POINT('',(-14.46509987425,4.01086575373,0.806940044426
    ));
#1372 = CARTESIAN_POINT('',(-14.4568322948,4.,0.903493363939));
#1373 = CARTESIAN_POINT('',(-14.4568322948,4.,1.));
#1374 = PCURVE('',#498,#1375);
#1375 = DEFINITIONAL_REPRESENTATION('',(#1376),#1403);
#1376 = B_SPLINE_CURVE_WITH_KNOTS('',7,(#1377,#1378,#1379,#1380,#1381,
    #1382,#1383,#1384,#1385,#1386,#1387,#1388,#1389,#1390,#1391,#1392,
    #1393,#1394,#1395,#1396,#1397,#1398,#1399,#1400,#1401,#1402),
  .UNSPECIFIED.,.F.,.F.,(8,6,6,6,8),(0.,3.250659848378E-02,
    0.324584845422,0.604128004472,1.),.UNSPECIFIED.);
#1377 = CARTESIAN_POINT('',(-2.553836153829,1.570796326795));
#1378 = CARTESIAN_POINT('',(-2.554144451498,1.57761191786));
#1379 = CARTESIAN_POINT('',(-2.554452988771,1.584426838237));
#1380 = CARTESIAN_POINT('',(-2.554761748679,1.59124122111));
#1381 = CARTESIAN_POINT('',(-2.555070714182,1.598055199904));
#1382 = CARTESIAN_POINT('',(-2.555379868168,1.604868908285));
#1383 = CARTESIAN_POINT('',(-2.555689193457,1.611682480156));
#1384 = CARTESIAN_POINT('',(-2.558779406134,1.679717325629));
#1385 = CARTESIAN_POINT('',(-2.561572362199,1.740933747617));
#1386 = CARTESIAN_POINT('',(-2.564365391401,1.802250635889));
#1387 = CARTESIAN_POINT('',(-2.567145395234,1.86376580882));
#1388 = CARTESIAN_POINT('',(-2.56989809577,1.92557426098));
#1389 = CARTESIAN_POINT('',(-2.572607805155,1.987772841208));
#1390 = CARTESIAN_POINT('',(-2.577792881489,2.110466471131));
#1391 = CARTESIAN_POINT('',(-2.580272901235,2.170910223304));
#1392 = CARTESIAN_POINT('',(-2.582682134125,2.23188788141));
#1393 = CARTESIAN_POINT('',(-2.585003188024,2.293474135896));
#1394 = CARTESIAN_POINT('',(-2.587216353005,2.355730865657));
#1395 = CARTESIAN_POINT('',(-2.589299988209,2.418706932806));
#1396 = CARTESIAN_POINT('',(-2.593966406196,2.572679376381));
#1397 = CARTESIAN_POINT('',(-2.596399391037,2.664539481538));
#1398 = CARTESIAN_POINT('',(-2.598458843064,2.757926431352));
#1399 = CARTESIAN_POINT('',(-2.60007255733,2.852677650124));
#1400 = CARTESIAN_POINT('',(-2.601175891666,2.94853282126));
#1401 = CARTESIAN_POINT('',(-2.601727061923,3.045086017528));
#1402 = CARTESIAN_POINT('',(-2.601727061923,3.14159265359));
#1403 = ( GEOMETRIC_REPRESENTATION_CONTEXT(2) 
PARAMETRIC_REPRESENTATION_CONTEXT() REPRESENTATION_CONTEXT('2D SPACE',''
  ) );
#1404 = PCURVE('',#526,#1405);
#1405 = DEFINITIONAL_REPRESENTATION('',(#1406),#1433);
#1406 = B_SPLINE_CURVE_WITH_KNOTS('',7,(#1407,#1408,#1409,#1410,#1411,
    #1412,#1413,#1414,#1415,#1416,#1417,#1418,#1419,#1420,#1421,#1422,
    #1423,#1424,#1425,#1426,#1427,#1428,#1429,#1430,#1431,#1432),
  .UNSPECIFIED.,.F.,.F.,(8,6,6,6,8),(0.,3.250659848378E-02,
    0.324584845422,0.604128004472,1.),.UNSPECIFIED.);
#1407 = CARTESIAN_POINT('',(0.,0.74185185877));
#1408 = CARTESIAN_POINT('',(6.815591065892E-03,0.736919096061));
#1409 = CARTESIAN_POINT('',(1.363051144229E-02,0.731984951123));
#1410 = CARTESIAN_POINT('',(2.044489431495E-02,0.727049699749));
#1411 = CARTESIAN_POINT('',(2.725887310913E-02,0.722113618048));
#1412 = CARTESIAN_POINT('',(3.407258148961E-02,0.71717698244));
#1413 = CARTESIAN_POINT('',(4.088615336068E-02,0.712240069658));
#1414 = CARTESIAN_POINT('',(0.108920998834,0.662944013224));
#1415 = CARTESIAN_POINT('',(0.170137420822,0.618588264217));
#1416 = CARTESIAN_POINT('',(0.231454309094,0.574431029487));
#1417 = CARTESIAN_POINT('',(0.292969482025,0.530677255257));
#1418 = CARTESIAN_POINT('',(0.354777934185,0.487544905271));
#1419 = CARTESIAN_POINT('',(0.416976514413,0.445268151855));
#1420 = CARTESIAN_POINT('',(0.539670144336,0.364699766512));
#1421 = CARTESIAN_POINT('',(0.600113896509,0.326321420747));
#1422 = CARTESIAN_POINT('',(0.661091554615,0.289186653061));
#1423 = CARTESIAN_POINT('',(0.722677809102,0.253547076383));
#1424 = CARTESIAN_POINT('',(0.784934538862,0.219684528498));
#1425 = CARTESIAN_POINT('',(0.847910606011,0.187905557176));
#1426 = CARTESIAN_POINT('',(1.001883049586,0.116931707974));
#1427 = CARTESIAN_POINT('',(1.093743154744,8.010363780163E-02));
#1428 = CARTESIAN_POINT('',(1.187130104557,4.906126587879E-02));
#1429 = CARTESIAN_POINT('',(1.28188132333,2.481745909856E-02));
#1430 = CARTESIAN_POINT('',(1.377736494466,8.267579454114E-03));
#1431 = CARTESIAN_POINT('',(1.474289690734,-5.90932714745E-18));
#1432 = CARTESIAN_POINT('',(1.570796326795,0.));
#1433 = ( GEOMETRIC_REPRESENTATION_CONTEXT(2) 
PARAMETRIC_REPRESENTATION_CONTEXT() REPRESENTATION_CONTEXT('2D SPACE',''
  ) );
#1434 = ORIENTED_EDGE('',*,*,#1435,.F.);
#1435 = EDGE_CURVE('',#1165,#1344,#1436,.T.);
#1436 = SURFACE_CURVE('',#1437,(#1442,#1449),.PCURVE_S1.);
#1437 = CIRCLE('',#1438,15.);
#1438 = AXIS2_PLACEMENT_3D('',#1439,#1440,#1441);
#1439 = CARTESIAN_POINT('',(0.,0.,1.));
#1440 = DIRECTION('',(0.,-0.,1.));
#1441 = DIRECTION('',(0.963788819653,0.266666666667,0.));
#1442 = PCURVE('',#498,#1443);
#1443 = DEFINITIONAL_REPRESENTATION('',(#1444),#1448);
#1444 = LINE('',#1445,#1446);
#1445 = CARTESIAN_POINT('',(-0.,3.14159265359));
#1446 = VECTOR('',#1447,1.);
#1447 = DIRECTION('',(-1.,0.));
#1448 = ( GEOMETRIC_REPRESENTATION_CONTEXT(2) 
PARAMETRIC_REPRESENTATION_CONTEXT() REPRESENTATION_CONTEXT('2D SPACE',''
  ) );
#1449 = PCURVE('',#778,#1450);
#1450 = DEFINITIONAL_REPRESENTATION('',(#1451),#1455);
#1451 = LINE('',#1452,#1453);
#1452 = CARTESIAN_POINT('',(-0.269932795833,19.));
#1453 = VECTOR('',#1454,1.);
#1454 = DIRECTION('',(-1.,0.));
#1455 = ( GEOMETRIC_REPRESENTATION_CONTEXT(2) 
PARAMETRIC_REPRESENTATION_CONTEXT() REPRESENTATION_CONTEXT('2D SPACE',''
  ) );
#1456 = ADVANCED_FACE('',(#1457),#639,.T.);
#1457 = FACE_BOUND('',#1458,.T.);
#1458 = EDGE_LOOP('',(#1459,#1551,#1572,#1573));
#1459 = ORIENTED_EDGE('',*,*,#1460,.T.);
#1460 = EDGE_CURVE('',#595,#1461,#1463,.T.);
#1461 = VERTEX_POINT('',#1462);
#1462 = CARTESIAN_POINT('',(14.456832294801,-4.,1.));
#1463 = SURFACE_CURVE('',#1464,(#1491,#1521),.PCURVE_S1.);
#1464 = B_SPLINE_CURVE_WITH_KNOTS('',7,(#1465,#1466,#1467,#1468,#1469,
    #1470,#1471,#1472,#1473,#1474,#1475,#1476,#1477,#1478,#1479,#1480,
    #1481,#1482,#1483,#1484,#1485,#1486,#1487,#1488,#1489,#1490),
  .UNSPECIFIED.,.F.,.F.,(8,6,6,6,8),(0.,3.250659848381E-02,
    0.324584845422,0.604128004472,1.),.UNSPECIFIED.);
#1465 = CARTESIAN_POINT('',(15.198684153571,-5.,0.));
#1466 = CARTESIAN_POINT('',(15.193751390862,-4.993184408872,
    -8.232784245998E-12));
#1467 = CARTESIAN_POINT('',(15.188817245924,-4.986369488599,
    5.419433427025E-05));
#1468 = CARTESIAN_POINT('',(15.18388199455,-4.979555622854,
    1.625637934129E-04));
#1469 = CARTESIAN_POINT('',(15.178945912849,-4.972743194872,
    3.25089363146E-04));
#1470 = CARTESIAN_POINT('',(15.174009277241,-4.965932587453,
    5.417522654672E-04));
#1471 = CARTESIAN_POINT('',(15.169072364459,-4.959124182958,
    8.125339504209E-04));
#1472 = CARTESIAN_POINT('',(15.119776308025,-4.891166721413,
    4.056546734096E-03));
#1473 = CARTESIAN_POINT('',(15.075420559018,-4.830228445084,
    1.134307904497E-02));
#1474 = CARTESIAN_POINT('',(15.031263324288,-4.769772507628,
    2.298335749779E-02));
#1475 = CARTESIAN_POINT('',(14.987509550058,-4.710075827152,
    3.896735548307E-02));
#1476 = CARTESIAN_POINT('',(14.944377200072,-4.651427319699,
    5.928468768197E-02));
#1477 = CARTESIAN_POINT('',(14.902100446656,-4.594131952372,
    8.39206224354E-02));
#1478 = CARTESIAN_POINT('',(14.821532061313,-4.485284555521,
    0.140541917212));
#1479 = CARTESIAN_POINT('',(14.783153715548,-4.433600301689,
    0.172162008638));
#1480 = CARTESIAN_POINT('',(14.746018947862,-4.383745355397,
    0.207690830348));
#1481 = CARTESIAN_POINT('',(14.710379371184,-4.336039399931,
    0.24709019888));
#1482 = CARTESIAN_POINT('',(14.676516823299,-4.290837252301,
    0.290290006146));
#1483 = CARTESIAN_POINT('',(14.644737851977,-4.248521994011,
    0.337171295068));
#1484 = CARTESIAN_POINT('',(14.573764002775,-4.154221215281,
    0.458887672402));
#1485 = CARTESIAN_POINT('',(14.536935932602,-4.105472449773,
    0.537322993824));
#1486 = CARTESIAN_POINT('',(14.50589356068,-4.064518542327,
    0.622211101723));
#1487 = CARTESIAN_POINT('',(14.481649753899,-4.032616420746,
    0.712553609563));
#1488 = CARTESIAN_POINT('',(14.465099874255,-4.01086575373,
    0.806940044426));
#1489 = CARTESIAN_POINT('',(14.456832294801,-4.,0.903493363939));
#1490 = CARTESIAN_POINT('',(14.456832294801,-4.,1.));
#1491 = PCURVE('',#639,#1492);
#1492 = DEFINITIONAL_REPRESENTATION('',(#1493),#1520);
#1493 = B_SPLINE_CURVE_WITH_KNOTS('',7,(#1494,#1495,#1496,#1497,#1498,
    #1499,#1500,#1501,#1502,#1503,#1504,#1505,#1506,#1507,#1508,#1509,
    #1510,#1511,#1512,#1513,#1514,#1515,#1516,#1517,#1518,#1519),
  .UNSPECIFIED.,.F.,.F.,(8,6,6,6,8),(0.,3.250659848381E-02,
    0.324584845422,0.604128004472,1.),.UNSPECIFIED.);
#1494 = CARTESIAN_POINT('',(0.,0.74185185877));
#1495 = CARTESIAN_POINT('',(6.815591065892E-03,0.736919096061));
#1496 = CARTESIAN_POINT('',(1.363051144229E-02,0.731984951123));
#1497 = CARTESIAN_POINT('',(2.044489431495E-02,0.727049699749));
#1498 = CARTESIAN_POINT('',(2.725887310913E-02,0.722113618048));
#1499 = CARTESIAN_POINT('',(3.407258148961E-02,0.71717698244));
#1500 = CARTESIAN_POINT('',(4.088615336068E-02,0.712240069658));
#1501 = CARTESIAN_POINT('',(0.108920998834,0.662944013224));
#1502 = CARTESIAN_POINT('',(0.170137420822,0.618588264217));
#1503 = CARTESIAN_POINT('',(0.231454309094,0.574431029487));
#1504 = CARTESIAN_POINT('',(0.292969482025,0.530677255257));
#1505 = CARTESIAN_POINT('',(0.354777934185,0.487544905271));
#1506 = CARTESIAN_POINT('',(0.416976514413,0.445268151855));
#1507 = CARTESIAN_POINT('',(0.539670144336,0.364699766512));
#1508 = CARTESIAN_POINT('',(0.600113896509,0.326321420747));
#1509 = CARTESIAN_POINT('',(0.661091554615,0.289186653061));
#1510 = CARTESIAN_POINT('',(0.722677809102,0.253547076383));
#1511 = CARTESIAN_POINT('',(0.784934538862,0.219684528498));
#1512 = CARTESIAN_POINT('',(0.847910606011,0.187905557176));
#1513 = CARTESIAN_POINT('',(1.001883049586,0.116931707974));
#1514 = CARTESIAN_POINT('',(1.093743154744,8.010363780146E-02));
#1515 = CARTESIAN_POINT('',(1.187130104556,4.906126587901E-02));
#1516 = CARTESIAN_POINT('',(1.28188132333,2.481745909841E-02));
#1517 = CARTESIAN_POINT('',(1.377736494465,8.267579454156E-03));
#1518 = CARTESIAN_POINT('',(1.474289690734,-5.909327147445E-18));
#1519 = CARTESIAN_POINT('',(1.570796326795,0.));
#1520 = ( GEOMETRIC_REPRESENTATION_CONTEXT(2) 
PARAMETRIC_REPRESENTATION_CONTEXT() REPRESENTATION_CONTEXT('2D SPACE',''
  ) );
#1521 = PCURVE('',#611,#1522);
#1522 = DEFINITIONAL_REPRESENTATION('',(#1523),#1550);
#1523 = B_SPLINE_CURVE_WITH_KNOTS('',7,(#1524,#1525,#1526,#1527,#1528,
    #1529,#1530,#1531,#1532,#1533,#1534,#1535,#1536,#1537,#1538,#1539,
    #1540,#1541,#1542,#1543,#1544,#1545,#1546,#1547,#1548,#1549),
  .UNSPECIFIED.,.F.,.F.,(8,6,6,6,8),(0.,3.250659848381E-02,
    0.324584845422,0.604128004472,1.),.UNSPECIFIED.);
#1524 = CARTESIAN_POINT('',(-2.553836153829,1.570796326795));
#1525 = CARTESIAN_POINT('',(-2.554144451498,1.57761191786));
#1526 = CARTESIAN_POINT('',(-2.554452988771,1.584426838237));
#1527 = CARTESIAN_POINT('',(-2.554761748679,1.59124122111));
#1528 = CARTESIAN_POINT('',(-2.555070714182,1.598055199904));
#1529 = CARTESIAN_POINT('',(-2.555379868168,1.604868908285));
#1530 = CARTESIAN_POINT('',(-2.555689193457,1.611682480156));
#1531 = CARTESIAN_POINT('',(-2.558779406134,1.679717325629));
#1532 = CARTESIAN_POINT('',(-2.561572362199,1.740933747617));
#1533 = CARTESIAN_POINT('',(-2.564365391401,1.802250635889));
#1534 = CARTESIAN_POINT('',(-2.567145395234,1.86376580882));
#1535 = CARTESIAN_POINT('',(-2.56989809577,1.92557426098));
#1536 = CARTESIAN_POINT('',(-2.572607805155,1.987772841208));
#1537 = CARTESIAN_POINT('',(-2.577792881489,2.110466471131));
#1538 = CARTESIAN_POINT('',(-2.580272901235,2.170910223304));
#1539 = CARTESIAN_POINT('',(-2.582682134125,2.23188788141));
#1540 = CARTESIAN_POINT('',(-2.585003188024,2.293474135896));
#1541 = CARTESIAN_POINT('',(-2.587216353005,2.355730865657));
#1542 = CARTESIAN_POINT('',(-2.589299988209,2.418706932806));
#1543 = CARTESIAN_POINT('',(-2.593966406196,2.572679376381));
#1544 = CARTESIAN_POINT('',(-2.596399391037,2.664539481539));
#1545 = CARTESIAN_POINT('',(-2.598458843064,2.757926431351));
#1546 = CARTESIAN_POINT('',(-2.60007255733,2.852677650125));
#1547 = CARTESIAN_POINT('',(-2.601175891666,2.94853282126));
#1548 = CARTESIAN_POINT('',(-2.601727061923,3.045086017529));
#1549 = CARTESIAN_POINT('',(-2.601727061923,3.14159265359));
#1550 = ( GEOMETRIC_REPRESENTATION_CONTEXT(2) 
PARAMETRIC_REPRESENTATION_CONTEXT() REPRESENTATION_CONTEXT('2D SPACE',''
  ) );
#1551 = ORIENTED_EDGE('',*,*,#1552,.T.);
#1552 = EDGE_CURVE('',#1461,#1282,#1553,.T.);
#1553 = SURFACE_CURVE('',#1554,(#1558,#1565),.PCURVE_S1.);
#1554 = LINE('',#1555,#1556);
#1555 = CARTESIAN_POINT('',(14.456832294801,-4.,1.));
#1556 = VECTOR('',#1557,1.);
#1557 = DIRECTION('',(1.,0.,0.));
#1558 = PCURVE('',#639,#1559);
#1559 = DEFINITIONAL_REPRESENTATION('',(#1560),#1564);
#1560 = LINE('',#1561,#1562);
#1561 = CARTESIAN_POINT('',(1.570796326795,0.));
#1562 = VECTOR('',#1563,1.);
#1563 = DIRECTION('',(0.,1.));
#1564 = ( GEOMETRIC_REPRESENTATION_CONTEXT(2) 
PARAMETRIC_REPRESENTATION_CONTEXT() REPRESENTATION_CONTEXT('2D SPACE',''
  ) );
#1565 = PCURVE('',#944,#1566);
#1566 = DEFINITIONAL_REPRESENTATION('',(#1567),#1571);
#1567 = LINE('',#1568,#1569);
#1568 = CARTESIAN_POINT('',(34.456832294801,-6.));
#1569 = VECTOR('',#1570,1.);
#1570 = DIRECTION('',(1.,0.));
#1571 = ( GEOMETRIC_REPRESENTATION_CONTEXT(2) 
PARAMETRIC_REPRESENTATION_CONTEXT() REPRESENTATION_CONTEXT('2D SPACE',''
  ) );
#1572 = ORIENTED_EDGE('',*,*,#1281,.F.);
#1573 = ORIENTED_EDGE('',*,*,#623,.F.);
#1574 = ADVANCED_FACE('',(#1575),#526,.T.);
#1575 = FACE_BOUND('',#1576,.T.);
#1576 = EDGE_LOOP('',(#1577,#1578,#1601,#1633));
#1577 = ORIENTED_EDGE('',*,*,#1343,.T.);
#1578 = ORIENTED_EDGE('',*,*,#1579,.T.);
#1579 = EDGE_CURVE('',#1344,#1580,#1582,.T.);
#1580 = VERTEX_POINT('',#1581);
#1581 = CARTESIAN_POINT('',(-20.,4.,1.));
#1582 = SURFACE_CURVE('',#1583,(#1587,#1594),.PCURVE_S1.);
#1583 = LINE('',#1584,#1585);
#1584 = CARTESIAN_POINT('',(-14.4568322948,4.,1.));
#1585 = VECTOR('',#1586,1.);
#1586 = DIRECTION('',(-1.,0.,0.));
#1587 = PCURVE('',#526,#1588);
#1588 = DEFINITIONAL_REPRESENTATION('',(#1589),#1593);
#1589 = LINE('',#1590,#1591);
#1590 = CARTESIAN_POINT('',(1.570796326795,0.));
#1591 = VECTOR('',#1592,1.);
#1592 = DIRECTION('',(0.,1.));
#1593 = ( GEOMETRIC_REPRESENTATION_CONTEXT(2) 
PARAMETRIC_REPRESENTATION_CONTEXT() REPRESENTATION_CONTEXT('2D SPACE',''
  ) );
#1594 = PCURVE('',#910,#1595);
#1595 = DEFINITIONAL_REPRESENTATION('',(#1596),#1600);
#1596 = LINE('',#1597,#1598);
#1597 = CARTESIAN_POINT('',(34.456832294801,-6.));
#1598 = VECTOR('',#1599,1.);
#1599 = DIRECTION('',(1.,0.));
#1600 = ( GEOMETRIC_REPRESENTATION_CONTEXT(2) 
PARAMETRIC_REPRESENTATION_CONTEXT() REPRESENTATION_CONTEXT('2D SPACE',''
  ) );
#1601 = ORIENTED_EDGE('',*,*,#1602,.F.);
#1602 = EDGE_CURVE('',#511,#1580,#1603,.T.);
#1603 = SURFACE_CURVE('',#1604,(#1609,#1621),.PCURVE_S1.);
#1604 = ELLIPSE('',#1605,1.414213562373,1.);
#1605 = AXIS2_PLACEMENT_3D('',#1606,#1607,#1608);
#1606 = CARTESIAN_POINT('',(-21.,5.,1.));
#1607 = DIRECTION('',(-0.707106781187,-0.707106781187,0.));
#1608 = DIRECTION('',(0.707106781187,-0.707106781187,0.));
#1609 = PCURVE('',#526,#1610);
#1610 = DEFINITIONAL_REPRESENTATION('',(#1611),#1620);
#1611 = B_SPLINE_CURVE_WITH_KNOTS('',7,(#1612,#1613,#1614,#1615,#1616,
    #1617,#1618,#1619),.UNSPECIFIED.,.F.,.F.,(8,8),(4.712388980385,
    6.28318530718),.PIECEWISE_BEZIER_KNOTS.);
#1612 = CARTESIAN_POINT('',(0.,6.543167705199));
#1613 = CARTESIAN_POINT('',(0.224399475256,6.318768229943));
#1614 = CARTESIAN_POINT('',(0.448798950513,6.09436966588));
#1615 = CARTESIAN_POINT('',(0.673198425769,5.888420879425));
#1616 = CARTESIAN_POINT('',(0.897597901025,5.719405200575));
#1617 = CARTESIAN_POINT('',(1.121997376282,5.601916377808));
#1618 = CARTESIAN_POINT('',(1.346396851538,5.543167705199));
#1619 = CARTESIAN_POINT('',(1.570796326795,5.543167705199));
#1620 = ( GEOMETRIC_REPRESENTATION_CONTEXT(2) 
PARAMETRIC_REPRESENTATION_CONTEXT() REPRESENTATION_CONTEXT('2D SPACE',''
  ) );
#1621 = PCURVE('',#554,#1622);
#1622 = DEFINITIONAL_REPRESENTATION('',(#1623),#1632);
#1623 = B_SPLINE_CURVE_WITH_KNOTS('',7,(#1624,#1625,#1626,#1627,#1628,
    #1629,#1630,#1631),.UNSPECIFIED.,.F.,.F.,(8,8),(4.712388980385,
    6.28318530718),.PIECEWISE_BEZIER_KNOTS.);
#1624 = CARTESIAN_POINT('',(0.,-1.));
#1625 = CARTESIAN_POINT('',(0.224399475256,-0.775600524744));
#1626 = CARTESIAN_POINT('',(0.448798950513,-0.551201960681));
#1627 = CARTESIAN_POINT('',(0.673198425769,-0.345253174226));
#1628 = CARTESIAN_POINT('',(0.897597901025,-0.176237495375));
#1629 = CARTESIAN_POINT('',(1.121997376282,-5.874867260991E-02));
#1630 = CARTESIAN_POINT('',(1.346396851538,-5.496201982062E-17));
#1631 = CARTESIAN_POINT('',(1.570796326795,0.));
#1632 = ( GEOMETRIC_REPRESENTATION_CONTEXT(2) 
PARAMETRIC_REPRESENTATION_CONTEXT() REPRESENTATION_CONTEXT('2D SPACE',''
  ) );
#1633 = ORIENTED_EDGE('',*,*,#510,.F.);
#1634 = ADVANCED_FACE('',(#1635),#611,.T.);
#1635 = FACE_BOUND('',#1636,.F.);
#1636 = EDGE_LOOP('',(#1637,#1729,#1730,#1731));
#1637 = ORIENTED_EDGE('',*,*,#1638,.F.);
#1638 = EDGE_CURVE('',#567,#1639,#1641,.T.);
#1639 = VERTEX_POINT('',#1640);
#1640 = CARTESIAN_POINT('',(-14.4568322948,-4.,1.));
#1641 = SURFACE_CURVE('',#1642,(#1669,#1699),.PCURVE_S1.);
#1642 = B_SPLINE_CURVE_WITH_KNOTS('',7,(#1643,#1644,#1645,#1646,#1647,
    #1648,#1649,#1650,#1651,#1652,#1653,#1654,#1655,#1656,#1657,#1658,
    #1659,#1660,#1661,#1662,#1663,#1664,#1665,#1666,#1667,#1668),
  .UNSPECIFIED.,.F.,.F.,(8,6,6,6,8),(0.,3.250659841376E-02,
    0.324584845366,0.60412800443,1.),.UNSPECIFIED.);
#1643 = CARTESIAN_POINT('',(-15.19868415374,-4.999999999483,0.));
#1644 = CARTESIAN_POINT('',(-15.19375139073,-4.993184408999,
    -7.771131611475E-12));
#1645 = CARTESIAN_POINT('',(-15.18881724579,-4.986369488768,
    5.419433494968E-05));
#1646 = CARTESIAN_POINT('',(-15.18388199452,-4.979555622859,
    1.625637940739E-04));
#1647 = CARTESIAN_POINT('',(-15.17894591289,-4.972743194756,
    3.25089363556E-04));
#1648 = CARTESIAN_POINT('',(-15.17400927729,-4.965932587358,
    5.417522653933E-04));
#1649 = CARTESIAN_POINT('',(-15.16907236447,-4.95912418298,
    8.125339496261E-04));
#1650 = CARTESIAN_POINT('',(-15.11977630805,-4.89116672145,
    4.056546730082E-03));
#1651 = CARTESIAN_POINT('',(-15.07542055904,-4.83022844512,
    1.134307903873E-02));
#1652 = CARTESIAN_POINT('',(-15.03126332431,-4.769772507663,
    2.298335748934E-02));
#1653 = CARTESIAN_POINT('',(-14.98750955008,-4.710075827188,
    3.896735547244E-02));
#1654 = CARTESIAN_POINT('',(-14.94437720009,-4.651427319734,
    5.928468766917E-02));
#1655 = CARTESIAN_POINT('',(-14.90210044668,-4.594131952406,
    8.392062242047E-02));
#1656 = CARTESIAN_POINT('',(-14.82153206133,-4.485284555553,
    0.140541917193));
#1657 = CARTESIAN_POINT('',(-14.78315371557,-4.433600301719,
    0.172162008617));
#1658 = CARTESIAN_POINT('',(-14.74601894788,-4.383745355426,
    0.207690830325));
#1659 = CARTESIAN_POINT('',(-14.7103793712,-4.336039399959,
    0.247090198856));
#1660 = CARTESIAN_POINT('',(-14.67651682331,-4.290837252328,
    0.290290006119));
#1661 = CARTESIAN_POINT('',(-14.64473785199,-4.248521994036,
    0.337171295041));
#1662 = CARTESIAN_POINT('',(-14.57376400278,-4.154221215298,
    0.458887672375));
#1663 = CARTESIAN_POINT('',(-14.53693593261,-4.105472449785,
    0.537322993798));
#1664 = CARTESIAN_POINT('',(-14.50589356068,-4.064518542334,
    0.622211101703));
#1665 = CARTESIAN_POINT('',(-14.4816497539,-4.032616420751,
    0.712553609545));
#1666 = CARTESIAN_POINT('',(-14.46509987425,-4.010865753731,
    0.806940044415));
#1667 = CARTESIAN_POINT('',(-14.4568322948,-4.,0.903493363933));
#1668 = CARTESIAN_POINT('',(-14.4568322948,-4.,1.));
#1669 = PCURVE('',#611,#1670);
#1670 = DEFINITIONAL_REPRESENTATION('',(#1671),#1698);
#1671 = B_SPLINE_CURVE_WITH_KNOTS('',7,(#1672,#1673,#1674,#1675,#1676,
    #1677,#1678,#1679,#1680,#1681,#1682,#1683,#1684,#1685,#1686,#1687,
    #1688,#1689,#1690,#1691,#1692,#1693,#1694,#1695,#1696,#1697),
  .UNSPECIFIED.,.F.,.F.,(8,6,6,6,8),(0.,3.250659841376E-02,
    0.324584845366,0.60412800443,1.),.UNSPECIFIED.);
#1672 = CARTESIAN_POINT('',(-4.789090806046E-02,1.570796326795));
#1673 = CARTESIAN_POINT('',(-4.758261043504E-02,1.577611917939));
#1674 = CARTESIAN_POINT('',(-4.727407316435E-02,1.584426838305));
#1675 = CARTESIAN_POINT('',(-4.696531324471E-02,1.591241221136));
#1676 = CARTESIAN_POINT('',(-4.665634773321E-02,1.598055199896));
#1677 = CARTESIAN_POINT('',(-4.63471937478E-02,1.604868908262));
#1678 = CARTESIAN_POINT('',(-4.603786846721E-02,1.611682480134));
#1679 = CARTESIAN_POINT('',(-4.294765579088E-02,1.679717325592));
#1680 = CARTESIAN_POINT('',(-4.015469972524E-02,1.74093374758));
#1681 = CARTESIAN_POINT('',(-3.73616705235E-02,1.802250635852));
#1682 = CARTESIAN_POINT('',(-3.458166669104E-02,1.863765808783));
#1683 = CARTESIAN_POINT('',(-3.1828966155E-02,1.925574260943));
#1684 = CARTESIAN_POINT('',(-2.911925677001E-02,1.987772841172));
#1685 = CARTESIAN_POINT('',(-2.393418043553E-02,2.110466471094));
#1686 = CARTESIAN_POINT('',(-2.145416068994E-02,2.170910223267));
#1687 = CARTESIAN_POINT('',(-1.904492779904E-02,2.231887881374));
#1688 = CARTESIAN_POINT('',(-1.672387390038E-02,2.29347413586));
#1689 = CARTESIAN_POINT('',(-1.451070891966E-02,2.35573086562));
#1690 = CARTESIAN_POINT('',(-1.242707371559E-02,2.418706932769));
#1691 = CARTESIAN_POINT('',(-7.760655727885E-03,2.572679376349));
#1692 = CARTESIAN_POINT('',(-5.327670886309E-03,2.664539481511));
#1693 = CARTESIAN_POINT('',(-3.268218859176E-03,2.75792643133));
#1694 = CARTESIAN_POINT('',(-1.654504593222E-03,2.852677650107));
#1695 = CARTESIAN_POINT('',(-5.511702574674E-04,2.94853282125));
#1696 = CARTESIAN_POINT('',(0.,3.045086017523));
#1697 = CARTESIAN_POINT('',(0.,3.14159265359));
#1698 = ( GEOMETRIC_REPRESENTATION_CONTEXT(2) 
PARAMETRIC_REPRESENTATION_CONTEXT() REPRESENTATION_CONTEXT('2D SPACE',''
  ) );
#1699 = PCURVE('',#582,#1700);
#1700 = DEFINITIONAL_REPRESENTATION('',(#1701),#1728);
#1701 = B_SPLINE_CURVE_WITH_KNOTS('',7,(#1702,#1703,#1704,#1705,#1706,
    #1707,#1708,#1709,#1710,#1711,#1712,#1713,#1714,#1715,#1716,#1717,
    #1718,#1719,#1720,#1721,#1722,#1723,#1724,#1725,#1726,#1727),
  .UNSPECIFIED.,.F.,.F.,(8,6,6,6,8),(0.,3.250659841376E-02,
    0.324584845366,0.60412800443,1.),.UNSPECIFIED.);
#1702 = CARTESIAN_POINT('',(0.,4.801315846259));
#1703 = CARTESIAN_POINT('',(6.815591145261E-03,4.806248609263));
#1704 = CARTESIAN_POINT('',(1.363051151067E-02,4.811182754204));
#1705 = CARTESIAN_POINT('',(2.044489434156E-02,4.81611800548));
#1706 = CARTESIAN_POINT('',(2.725887310049E-02,4.821054087104));
#1707 = CARTESIAN_POINT('',(3.407258146723E-02,4.825990722705));
#1708 = CARTESIAN_POINT('',(4.088615333874E-02,4.830927635525));
#1709 = CARTESIAN_POINT('',(0.108920998797,4.880223691948));
#1710 = CARTESIAN_POINT('',(0.170137420785,4.924579440956));
#1711 = CARTESIAN_POINT('',(0.231454309057,4.968736675686));
#1712 = CARTESIAN_POINT('',(0.292969481988,5.012490449916));
#1713 = CARTESIAN_POINT('',(0.354777934148,5.055622799903));
#1714 = CARTESIAN_POINT('',(0.416976514377,5.097899553319));
#1715 = CARTESIAN_POINT('',(0.539670144299,5.178467938663));
#1716 = CARTESIAN_POINT('',(0.600113896472,5.216846284429));
#1717 = CARTESIAN_POINT('',(0.661091554579,5.253981052116));
#1718 = CARTESIAN_POINT('',(0.722677809065,5.289620628795));
#1719 = CARTESIAN_POINT('',(0.784934538825,5.323483176681));
#1720 = CARTESIAN_POINT('',(0.847910605974,5.355262148005));
#1721 = CARTESIAN_POINT('',(1.001883049554,5.426235997212));
#1722 = CARTESIAN_POINT('',(1.093743154716,5.463064067388));
#1723 = CARTESIAN_POINT('',(1.187130104536,5.494106439315));
#1724 = CARTESIAN_POINT('',(1.281881323312,5.518350246097));
#1725 = CARTESIAN_POINT('',(1.377736494455,5.534900125744));
#1726 = CARTESIAN_POINT('',(1.474289690728,5.543167705199));
#1727 = CARTESIAN_POINT('',(1.570796326795,5.543167705199));
#1728 = ( GEOMETRIC_REPRESENTATION_CONTEXT(2) 
PARAMETRIC_REPRESENTATION_CONTEXT() REPRESENTATION_CONTEXT('2D SPACE',''
  ) );
#1729 = ORIENTED_EDGE('',*,*,#594,.T.);
#1730 = ORIENTED_EDGE('',*,*,#1460,.T.);
#1731 = ORIENTED_EDGE('',*,*,#1732,.F.);
#1732 = EDGE_CURVE('',#1639,#1461,#1733,.T.);
#1733 = SURFACE_CURVE('',#1734,(#1739,#1746),.PCURVE_S1.);
#1734 = CIRCLE('',#1735,15.);
#1735 = AXIS2_PLACEMENT_3D('',#1736,#1737,#1738);
#1736 = CARTESIAN_POINT('',(0.,0.,1.));
#1737 = DIRECTION('',(0.,0.,1.));
#1738 = DIRECTION('',(-0.963788819653,-0.266666666667,0.));
#1739 = PCURVE('',#611,#1740);
#1740 = DEFINITIONAL_REPRESENTATION('',(#1741),#1745);
#1741 = LINE('',#1742,#1743);
#1742 = CARTESIAN_POINT('',(-0.,3.14159265359));
#1743 = VECTOR('',#1744,1.);
#1744 = DIRECTION('',(-1.,0.));
#1745 = ( GEOMETRIC_REPRESENTATION_CONTEXT(2) 
PARAMETRIC_REPRESENTATION_CONTEXT() REPRESENTATION_CONTEXT('2D SPACE',''
  ) );
#1746 = PCURVE('',#1081,#1747);
#1747 = DEFINITIONAL_REPRESENTATION('',(#1748),#1752);
#1748 = LINE('',#1749,#1750);
#1749 = CARTESIAN_POINT('',(-3.411525449423,19.));
#1750 = VECTOR('',#1751,1.);
#1751 = DIRECTION('',(-1.,0.));
#1752 = ( GEOMETRIC_REPRESENTATION_CONTEXT(2) 
PARAMETRIC_REPRESENTATION_CONTEXT() REPRESENTATION_CONTEXT('2D SPACE',''
  ) );
#1753 = ADVANCED_FACE('',(#1754),#554,.T.);
#1754 = FACE_BOUND('',#1755,.T.);
#1755 = EDGE_LOOP('',(#1756,#1757,#1780,#1812));
#1756 = ORIENTED_EDGE('',*,*,#1602,.T.);
#1757 = ORIENTED_EDGE('',*,*,#1758,.T.);
#1758 = EDGE_CURVE('',#1580,#1759,#1761,.T.);
#1759 = VERTEX_POINT('',#1760);
#1760 = CARTESIAN_POINT('',(-20.,-4.,1.));
#1761 = SURFACE_CURVE('',#1762,(#1766,#1773),.PCURVE_S1.);
#1762 = LINE('',#1763,#1764);
#1763 = CARTESIAN_POINT('',(-20.,4.,1.));
#1764 = VECTOR('',#1765,1.);
#1765 = DIRECTION('',(0.,-1.,0.));
#1766 = PCURVE('',#554,#1767);
#1767 = DEFINITIONAL_REPRESENTATION('',(#1768),#1772);
#1768 = LINE('',#1769,#1770);
#1769 = CARTESIAN_POINT('',(1.570796326795,0.));
#1770 = VECTOR('',#1771,1.);
#1771 = DIRECTION('',(0.,1.));
#1772 = ( GEOMETRIC_REPRESENTATION_CONTEXT(2) 
PARAMETRIC_REPRESENTATION_CONTEXT() REPRESENTATION_CONTEXT('2D SPACE',''
  ) );
#1773 = PCURVE('',#1022,#1774);
#1774 = DEFINITIONAL_REPRESENTATION('',(#1775),#1779);
#1775 = LINE('',#1776,#1777);
#1776 = CARTESIAN_POINT('',(0.,-6.));
#1777 = VECTOR('',#1778,1.);
#1778 = DIRECTION('',(1.,0.));
#1779 = ( GEOMETRIC_REPRESENTATION_CONTEXT(2) 
PARAMETRIC_REPRESENTATION_CONTEXT() REPRESENTATION_CONTEXT('2D SPACE',''
  ) );
#1780 = ORIENTED_EDGE('',*,*,#1781,.F.);
#1781 = EDGE_CURVE('',#539,#1759,#1782,.T.);
#1782 = SURFACE_CURVE('',#1783,(#1788,#1800),.PCURVE_S1.);
#1783 = ELLIPSE('',#1784,1.414213562373,1.);
#1784 = AXIS2_PLACEMENT_3D('',#1785,#1786,#1787);
#1785 = CARTESIAN_POINT('',(-21.,-5.,1.));
#1786 = DIRECTION('',(0.707106781187,-0.707106781187,0.));
#1787 = DIRECTION('',(0.707106781187,0.707106781187,0.));
#1788 = PCURVE('',#554,#1789);
#1789 = DEFINITIONAL_REPRESENTATION('',(#1790),#1799);
#1790 = B_SPLINE_CURVE_WITH_KNOTS('',7,(#1791,#1792,#1793,#1794,#1795,
    #1796,#1797,#1798),.UNSPECIFIED.,.F.,.F.,(8,8),(4.712388980385,
    6.28318530718),.PIECEWISE_BEZIER_KNOTS.);
#1791 = CARTESIAN_POINT('',(0.,9.));
#1792 = CARTESIAN_POINT('',(0.224399475256,8.775600524744));
#1793 = CARTESIAN_POINT('',(0.448798950513,8.551201960679));
#1794 = CARTESIAN_POINT('',(0.673198425769,8.34525317423));
#1795 = CARTESIAN_POINT('',(0.897597901025,8.176237495371));
#1796 = CARTESIAN_POINT('',(1.121997376282,8.058748672612));
#1797 = CARTESIAN_POINT('',(1.346396851538,8.));
#1798 = CARTESIAN_POINT('',(1.570796326795,8.));
#1799 = ( GEOMETRIC_REPRESENTATION_CONTEXT(2) 
PARAMETRIC_REPRESENTATION_CONTEXT() REPRESENTATION_CONTEXT('2D SPACE',''
  ) );
#1800 = PCURVE('',#582,#1801);
#1801 = DEFINITIONAL_REPRESENTATION('',(#1802),#1811);
#1802 = B_SPLINE_CURVE_WITH_KNOTS('',7,(#1803,#1804,#1805,#1806,#1807,
    #1808,#1809,#1810),.UNSPECIFIED.,.F.,.F.,(8,8),(4.712388980385,
    6.28318530718),.PIECEWISE_BEZIER_KNOTS.);
#1803 = CARTESIAN_POINT('',(0.,-1.));
#1804 = CARTESIAN_POINT('',(0.224399475256,-0.775600524744));
#1805 = CARTESIAN_POINT('',(0.448798950513,-0.551201960681));
#1806 = CARTESIAN_POINT('',(0.673198425769,-0.345253174226));
#1807 = CARTESIAN_POINT('',(0.897597901025,-0.176237495375));
#1808 = CARTESIAN_POINT('',(1.121997376282,-5.874867260999E-02));
#1809 = CARTESIAN_POINT('',(1.346396851538,-5.496201982062E-17));
#1810 = CARTESIAN_POINT('',(1.570796326795,0.));
#1811 = ( GEOMETRIC_REPRESENTATION_CONTEXT(2) 
PARAMETRIC_REPRESENTATION_CONTEXT() REPRESENTATION_CONTEXT('2D SPACE',''
  ) );
#1812 = ORIENTED_EDGE('',*,*,#538,.F.);
#1813 = ADVANCED_FACE('',(#1814),#582,.T.);
#1814 = FACE_BOUND('',#1815,.T.);
#1815 = EDGE_LOOP('',(#1816,#1817,#1838,#1839));
#1816 = ORIENTED_EDGE('',*,*,#1781,.T.);
#1817 = ORIENTED_EDGE('',*,*,#1818,.T.);
#1818 = EDGE_CURVE('',#1759,#1639,#1819,.T.);
#1819 = SURFACE_CURVE('',#1820,(#1824,#1831),.PCURVE_S1.);
#1820 = LINE('',#1821,#1822);
#1821 = CARTESIAN_POINT('',(-20.,-4.,1.));
#1822 = VECTOR('',#1823,1.);
#1823 = DIRECTION('',(1.,0.,0.));
#1824 = PCURVE('',#582,#1825);
#1825 = DEFINITIONAL_REPRESENTATION('',(#1826),#1830);
#1826 = LINE('',#1827,#1828);
#1827 = CARTESIAN_POINT('',(1.570796326795,0.));
#1828 = VECTOR('',#1829,1.);
#1829 = DIRECTION('',(0.,1.));
#1830 = ( GEOMETRIC_REPRESENTATION_CONTEXT(2) 
PARAMETRIC_REPRESENTATION_CONTEXT() REPRESENTATION_CONTEXT('2D SPACE',''
  ) );
#1831 = PCURVE('',#1113,#1832);
#1832 = DEFINITIONAL_REPRESENTATION('',(#1833),#1837);
#1833 = LINE('',#1834,#1835);
#1834 = CARTESIAN_POINT('',(0.,-6.));
#1835 = VECTOR('',#1836,1.);
#1836 = DIRECTION('',(1.,0.));
#1837 = ( GEOMETRIC_REPRESENTATION_CONTEXT(2) 
PARAMETRIC_REPRESENTATION_CONTEXT() REPRESENTATION_CONTEXT('2D SPACE',''
  ) );
#1838 = ORIENTED_EDGE('',*,*,#1638,.F.);
#1839 = ORIENTED_EDGE('',*,*,#566,.F.);
#1840 = ADVANCED_FACE('',(#1841),#723,.T.);
#1841 = FACE_BOUND('',#1842,.T.);
#1842 = EDGE_LOOP('',(#1843,#1862,#1863,#1884));
#1843 = ORIENTED_EDGE('',*,*,#1844,.T.);
#1844 = EDGE_CURVE('',#681,#1165,#1845,.T.);
#1845 = SURFACE_CURVE('',#1846,(#1850,#1856),.PCURVE_S1.);
#1846 = LINE('',#1847,#1848);
#1847 = CARTESIAN_POINT('',(14.456832294801,4.,20.));
#1848 = VECTOR('',#1849,1.);
#1849 = DIRECTION('',(-0.,-0.,-1.));
#1850 = PCURVE('',#723,#1851);
#1851 = DEFINITIONAL_REPRESENTATION('',(#1852),#1855);
#1852 = B_SPLINE_CURVE_WITH_KNOTS('',1,(#1853,#1854),.UNSPECIFIED.,.F.,
  .F.,(2,2),(-5.999999999062E-07,20.0000006),.PIECEWISE_BEZIER_KNOTS.);
#1853 = CARTESIAN_POINT('',(5.543167705199,-25.0000006));
#1854 = CARTESIAN_POINT('',(5.543167705199,-4.9999994));
#1855 = ( GEOMETRIC_REPRESENTATION_CONTEXT(2) 
PARAMETRIC_REPRESENTATION_CONTEXT() REPRESENTATION_CONTEXT('2D SPACE',''
  ) );
#1856 = PCURVE('',#778,#1857);
#1857 = DEFINITIONAL_REPRESENTATION('',(#1858),#1861);
#1858 = B_SPLINE_CURVE_WITH_KNOTS('',1,(#1859,#1860),.UNSPECIFIED.,.F.,
  .F.,(2,2),(-5.999999999062E-07,20.0000006),.PIECEWISE_BEZIER_KNOTS.);
#1859 = CARTESIAN_POINT('',(-0.269932795833,-5.999999999062E-07));
#1860 = CARTESIAN_POINT('',(-0.269932795833,20.0000006));
#1861 = ( GEOMETRIC_REPRESENTATION_CONTEXT(2) 
PARAMETRIC_REPRESENTATION_CONTEXT() REPRESENTATION_CONTEXT('2D SPACE',''
  ) );
#1862 = ORIENTED_EDGE('',*,*,#1164,.F.);
#1863 = ORIENTED_EDGE('',*,*,#1864,.T.);
#1864 = EDGE_CURVE('',#1131,#708,#1865,.T.);
#1865 = SURFACE_CURVE('',#1866,(#1870,#1877),.PCURVE_S1.);
#1866 = LINE('',#1867,#1868);
#1867 = CARTESIAN_POINT('',(20.,4.,-5.));
#1868 = VECTOR('',#1869,1.);
#1869 = DIRECTION('',(0.,0.,1.));
#1870 = PCURVE('',#723,#1871);
#1871 = DEFINITIONAL_REPRESENTATION('',(#1872),#1876);
#1872 = LINE('',#1873,#1874);
#1873 = CARTESIAN_POINT('',(0.,-0.));
#1874 = VECTOR('',#1875,1.);
#1875 = DIRECTION('',(0.,-1.));
#1876 = ( GEOMETRIC_REPRESENTATION_CONTEXT(2) 
PARAMETRIC_REPRESENTATION_CONTEXT() REPRESENTATION_CONTEXT('2D SPACE',''
  ) );
#1877 = PCURVE('',#836,#1878);
#1878 = DEFINITIONAL_REPRESENTATION('',(#1879),#1883);
#1879 = LINE('',#1880,#1881);
#1880 = CARTESIAN_POINT('',(8.,0.));
#1881 = VECTOR('',#1882,1.);
#1882 = DIRECTION('',(0.,-1.));
#1883 = ( GEOMETRIC_REPRESENTATION_CONTEXT(2) 
PARAMETRIC_REPRESENTATION_CONTEXT() REPRESENTATION_CONTEXT('2D SPACE',''
  ) );
#1884 = ORIENTED_EDGE('',*,*,#707,.F.);
#1885 = ADVANCED_FACE('',(#1886),#778,.F.);
#1886 = FACE_BOUND('',#1887,.T.);
#1887 = EDGE_LOOP('',(#1888,#1889,#1890,#1909));
#1888 = ORIENTED_EDGE('',*,*,#1844,.F.);
#1889 = ORIENTED_EDGE('',*,*,#761,.T.);
#1890 = ORIENTED_EDGE('',*,*,#1891,.T.);
#1891 = EDGE_CURVE('',#762,#1344,#1892,.T.);
#1892 = SURFACE_CURVE('',#1893,(#1897,#1903),.PCURVE_S1.);
#1893 = LINE('',#1894,#1895);
#1894 = CARTESIAN_POINT('',(-14.4568322948,4.,20.));
#1895 = VECTOR('',#1896,1.);
#1896 = DIRECTION('',(-0.,-0.,-1.));
#1897 = PCURVE('',#778,#1898);
#1898 = DEFINITIONAL_REPRESENTATION('',(#1899),#1902);
#1899 = B_SPLINE_CURVE_WITH_KNOTS('',1,(#1900,#1901),.UNSPECIFIED.,.F.,
  .F.,(2,2),(-5.999999999062E-07,20.0000006),.PIECEWISE_BEZIER_KNOTS.);
#1900 = CARTESIAN_POINT('',(-2.871659857756,-5.999999999062E-07));
#1901 = CARTESIAN_POINT('',(-2.871659857756,20.0000006));
#1902 = ( GEOMETRIC_REPRESENTATION_CONTEXT(2) 
PARAMETRIC_REPRESENTATION_CONTEXT() REPRESENTATION_CONTEXT('2D SPACE',''
  ) );
#1903 = PCURVE('',#910,#1904);
#1904 = DEFINITIONAL_REPRESENTATION('',(#1905),#1908);
#1905 = B_SPLINE_CURVE_WITH_KNOTS('',1,(#1906,#1907),.UNSPECIFIED.,.F.,
  .F.,(2,2),(-5.999999999062E-07,20.0000006),.PIECEWISE_BEZIER_KNOTS.);
#1906 = CARTESIAN_POINT('',(34.456832294801,-25.0000006));
#1907 = CARTESIAN_POINT('',(34.456832294801,-4.9999994));
#1908 = ( GEOMETRIC_REPRESENTATION_CONTEXT(2) 
PARAMETRIC_REPRESENTATION_CONTEXT() REPRESENTATION_CONTEXT('2D SPACE',''
  ) );
#1909 = ORIENTED_EDGE('',*,*,#1435,.F.);
#1910 = ADVANCED_FACE('',(#1911),#836,.T.);
#1911 = FACE_BOUND('',#1912,.T.);
#1912 = EDGE_LOOP('',(#1913,#1914,#1915,#1936));
#1913 = ORIENTED_EDGE('',*,*,#1864,.F.);
#1914 = ORIENTED_EDGE('',*,*,#1315,.F.);
#1915 = ORIENTED_EDGE('',*,*,#1916,.T.);
#1916 = EDGE_CURVE('',#1282,#821,#1917,.T.);
#1917 = SURFACE_CURVE('',#1918,(#1922,#1929),.PCURVE_S1.);
#1918 = LINE('',#1919,#1920);
#1919 = CARTESIAN_POINT('',(20.,-4.,-5.));
#1920 = VECTOR('',#1921,1.);
#1921 = DIRECTION('',(0.,0.,1.));
#1922 = PCURVE('',#836,#1923);
#1923 = DEFINITIONAL_REPRESENTATION('',(#1924),#1928);
#1924 = LINE('',#1925,#1926);
#1925 = CARTESIAN_POINT('',(0.,0.));
#1926 = VECTOR('',#1927,1.);
#1927 = DIRECTION('',(0.,-1.));
#1928 = ( GEOMETRIC_REPRESENTATION_CONTEXT(2) 
PARAMETRIC_REPRESENTATION_CONTEXT() REPRESENTATION_CONTEXT('2D SPACE',''
  ) );
#1929 = PCURVE('',#944,#1930);
#1930 = DEFINITIONAL_REPRESENTATION('',(#1931),#1935);
#1931 = LINE('',#1932,#1933);
#1932 = CARTESIAN_POINT('',(40.,0.));
#1933 = VECTOR('',#1934,1.);
#1934 = DIRECTION('',(0.,-1.));
#1935 = ( GEOMETRIC_REPRESENTATION_CONTEXT(2) 
PARAMETRIC_REPRESENTATION_CONTEXT() REPRESENTATION_CONTEXT('2D SPACE',''
  ) );
#1936 = ORIENTED_EDGE('',*,*,#820,.F.);
#1937 = ADVANCED_FACE('',(#1938),#910,.T.);
#1938 = FACE_BOUND('',#1939,.T.);
#1939 = EDGE_LOOP('',(#1940,#1961,#1962,#1963));
#1940 = ORIENTED_EDGE('',*,*,#1941,.F.);
#1941 = EDGE_CURVE('',#1580,#874,#1942,.T.);
#1942 = SURFACE_CURVE('',#1943,(#1947,#1954),.PCURVE_S1.);
#1943 = LINE('',#1944,#1945);
#1944 = CARTESIAN_POINT('',(-20.,4.,-5.));
#1945 = VECTOR('',#1946,1.);
#1946 = DIRECTION('',(0.,0.,1.));
#1947 = PCURVE('',#910,#1948);
#1948 = DEFINITIONAL_REPRESENTATION('',(#1949),#1953);
#1949 = LINE('',#1950,#1951);
#1950 = CARTESIAN_POINT('',(40.,0.));
#1951 = VECTOR('',#1952,1.);
#1952 = DIRECTION('',(0.,-1.));
#1953 = ( GEOMETRIC_REPRESENTATION_CONTEXT(2) 
PARAMETRIC_REPRESENTATION_CONTEXT() REPRESENTATION_CONTEXT('2D SPACE',''
  ) );
#1954 = PCURVE('',#1022,#1955);
#1955 = DEFINITIONAL_REPRESENTATION('',(#1956),#1960);
#1956 = LINE('',#1957,#1958);
#1957 = CARTESIAN_POINT('',(0.,0.));
#1958 = VECTOR('',#1959,1.);
#1959 = DIRECTION('',(0.,-1.));
#1960 = ( GEOMETRIC_REPRESENTATION_CONTEXT(2) 
PARAMETRIC_REPRESENTATION_CONTEXT() REPRESENTATION_CONTEXT('2D SPACE',''
  ) );
#1961 = ORIENTED_EDGE('',*,*,#1579,.F.);
#1962 = ORIENTED_EDGE('',*,*,#1891,.F.);
#1963 = ORIENTED_EDGE('',*,*,#896,.F.);
#1964 = ADVANCED_FACE('',(#1965),#944,.T.);
#1965 = FACE_BOUND('',#1966,.T.);
#1966 = EDGE_LOOP('',(#1967,#1968,#1969,#1988));
#1967 = ORIENTED_EDGE('',*,*,#1916,.F.);
#1968 = ORIENTED_EDGE('',*,*,#1552,.F.);
#1969 = ORIENTED_EDGE('',*,*,#1970,.F.);
#1970 = EDGE_CURVE('',#929,#1461,#1971,.T.);
#1971 = SURFACE_CURVE('',#1972,(#1976,#1982),.PCURVE_S1.);
#1972 = LINE('',#1973,#1974);
#1973 = CARTESIAN_POINT('',(14.456832294801,-4.,20.));
#1974 = VECTOR('',#1975,1.);
#1975 = DIRECTION('',(-0.,-0.,-1.));
#1976 = PCURVE('',#944,#1977);
#1977 = DEFINITIONAL_REPRESENTATION('',(#1978),#1981);
#1978 = B_SPLINE_CURVE_WITH_KNOTS('',1,(#1979,#1980),.UNSPECIFIED.,.F.,
  .F.,(2,2),(-5.999999999062E-07,20.0000006),.PIECEWISE_BEZIER_KNOTS.);
#1979 = CARTESIAN_POINT('',(34.456832294801,-25.0000006));
#1980 = CARTESIAN_POINT('',(34.456832294801,-4.9999994));
#1981 = ( GEOMETRIC_REPRESENTATION_CONTEXT(2) 
PARAMETRIC_REPRESENTATION_CONTEXT() REPRESENTATION_CONTEXT('2D SPACE',''
  ) );
#1982 = PCURVE('',#1081,#1983);
#1983 = DEFINITIONAL_REPRESENTATION('',(#1984),#1987);
#1984 = B_SPLINE_CURVE_WITH_KNOTS('',1,(#1985,#1986),.UNSPECIFIED.,.F.,
  .F.,(2,2),(-5.999999999062E-07,20.0000006),.PIECEWISE_BEZIER_KNOTS.);
#1985 = CARTESIAN_POINT('',(-6.013252511346,-5.999999999062E-07));
#1986 = CARTESIAN_POINT('',(-6.013252511346,20.0000006));
#1987 = ( GEOMETRIC_REPRESENTATION_CONTEXT(2) 
PARAMETRIC_REPRESENTATION_CONTEXT() REPRESENTATION_CONTEXT('2D SPACE',''
  ) );
#1988 = ORIENTED_EDGE('',*,*,#928,.F.);
#1989 = ADVANCED_FACE('',(#1990),#1022,.T.);
#1990 = FACE_BOUND('',#1991,.T.);
#1991 = EDGE_LOOP('',(#1992,#2013,#2014,#2015));
#1992 = ORIENTED_EDGE('',*,*,#1993,.F.);
#1993 = EDGE_CURVE('',#1759,#986,#1994,.T.);
#1994 = SURFACE_CURVE('',#1995,(#1999,#2006),.PCURVE_S1.);
#1995 = LINE('',#1996,#1997);
#1996 = CARTESIAN_POINT('',(-20.,-4.,-5.));
#1997 = VECTOR('',#1998,1.);
#1998 = DIRECTION('',(0.,0.,1.));
#1999 = PCURVE('',#1022,#2000);
#2000 = DEFINITIONAL_REPRESENTATION('',(#2001),#2005);
#2001 = LINE('',#2002,#2003);
#2002 = CARTESIAN_POINT('',(8.,0.));
#2003 = VECTOR('',#2004,1.);
#2004 = DIRECTION('',(0.,-1.));
#2005 = ( GEOMETRIC_REPRESENTATION_CONTEXT(2) 
PARAMETRIC_REPRESENTATION_CONTEXT() REPRESENTATION_CONTEXT('2D SPACE',''
  ) );
#2006 = PCURVE('',#1113,#2007);
#2007 = DEFINITIONAL_REPRESENTATION('',(#2008),#2012);
#2008 = LINE('',#2009,#2010);
#2009 = CARTESIAN_POINT('',(0.,0.));
#2010 = VECTOR('',#2011,1.);
#2011 = DIRECTION('',(0.,-1.));
#2012 = ( GEOMETRIC_REPRESENTATION_CONTEXT(2) 
PARAMETRIC_REPRESENTATION_CONTEXT() REPRESENTATION_CONTEXT('2D SPACE',''
  ) );
#2013 = ORIENTED_EDGE('',*,*,#1758,.F.);
#2014 = ORIENTED_EDGE('',*,*,#1941,.T.);
#2015 = ORIENTED_EDGE('',*,*,#1008,.F.);
#2016 = ADVANCED_FACE('',(#2017),#1081,.F.);
#2017 = FACE_BOUND('',#2018,.T.);
#2018 = EDGE_LOOP('',(#2019,#2038,#2039,#2040));
#2019 = ORIENTED_EDGE('',*,*,#2020,.F.);
#2020 = EDGE_CURVE('',#1040,#1639,#2021,.T.);
#2021 = SURFACE_CURVE('',#2022,(#2026,#2032),.PCURVE_S1.);
#2022 = LINE('',#2023,#2024);
#2023 = CARTESIAN_POINT('',(-14.4568322948,-4.,20.));
#2024 = VECTOR('',#2025,1.);
#2025 = DIRECTION('',(-0.,-0.,-1.));
#2026 = PCURVE('',#1081,#2027);
#2027 = DEFINITIONAL_REPRESENTATION('',(#2028),#2031);
#2028 = B_SPLINE_CURVE_WITH_KNOTS('',1,(#2029,#2030),.UNSPECIFIED.,.F.,
  .F.,(2,2),(-5.999999999062E-07,20.0000006),.PIECEWISE_BEZIER_KNOTS.);
#2029 = CARTESIAN_POINT('',(-3.411525449423,-5.999999999062E-07));
#2030 = CARTESIAN_POINT('',(-3.411525449423,20.0000006));
#2031 = ( GEOMETRIC_REPRESENTATION_CONTEXT(2) 
PARAMETRIC_REPRESENTATION_CONTEXT() REPRESENTATION_CONTEXT('2D SPACE',''
  ) );
#2032 = PCURVE('',#1113,#2033);
#2033 = DEFINITIONAL_REPRESENTATION('',(#2034),#2037);
#2034 = B_SPLINE_CURVE_WITH_KNOTS('',1,(#2035,#2036),.UNSPECIFIED.,.F.,
  .F.,(2,2),(-5.999999999062E-07,20.0000006),.PIECEWISE_BEZIER_KNOTS.);
#2035 = CARTESIAN_POINT('',(5.543167705199,-25.0000006));
#2036 = CARTESIAN_POINT('',(5.543167705199,-4.9999994));
#2037 = ( GEOMETRIC_REPRESENTATION_CONTEXT(2) 
PARAMETRIC_REPRESENTATION_CONTEXT() REPRESENTATION_CONTEXT('2D SPACE',''
  ) );
#2038 = ORIENTED_EDGE('',*,*,#1066,.T.);
#2039 = ORIENTED_EDGE('',*,*,#1970,.T.);
#2040 = ORIENTED_EDGE('',*,*,#1732,.F.);
#2041 = ADVANCED_FACE('',(#2042),#1113,.T.);
#2042 = FACE_BOUND('',#2043,.T.);
#2043 = EDGE_LOOP('',(#2044,#2045,#2046,#2047));
#2044 = ORIENTED_EDGE('',*,*,#2020,.T.);
#2045 = ORIENTED_EDGE('',*,*,#1818,.F.);
#2046 = ORIENTED_EDGE('',*,*,#1993,.T.);
#2047 = ORIENTED_EDGE('',*,*,#1099,.F.);
#2048 = ( GEOMETRIC_REPRESENTATION_CONTEXT(3) 
GLOBAL_UNCERTAINTY_ASSIGNED_CONTEXT((#2052)) 
GLOBAL_UNIT_ASSIGNED_CONTEXT((#2049,#2050,#2051)) REPRESENTATION_CONTEXT
('Context #1','3D Context with UNIT and UNCERTAINTY') );
#2049 = ( LENGTH_UNIT() NAMED_UNIT(*) SI_UNIT(.MILLI.,.METRE.) );
#2050 = ( NAMED_UNIT(*) PLANE_ANGLE_UNIT() SI_UNIT($,.RADIAN.) );
#2051 = ( NAMED_UNIT(*) SI_UNIT($,.STERADIAN.) SOLID_ANGLE_UNIT() );
#2052 = UNCERTAINTY_MEASURE_WITH_UNIT(LENGTH_MEASURE(1.E-07),#2049,
  'distance_accuracy_value','confusion accuracy');
#2053 = PRODUCT_RELATED_PRODUCT_CATEGORY('part',$,(#7));
ENDSEC;
END-ISO-10303-21;
